id_coffeeshop,id_company,address,workinghours
b97a3645-319a-4341-9373-fe1982c3b4c8,f2f05558-ccc0-4f9b-8269-d74c81d6ef36,"PSC 2584, Box 0390, APO AE 82319",07:00-22:00
962bf19e-cc5f-4824-9c16-033b427c99b2,f2f05558-ccc0-4f9b-8269-d74c81d6ef36,"клх Березники, наб. Литейная, д. 44 к. 80, 843893",08:00-22:00
f8d10f12-c619-4f65-aa15-78cb984c2d36,f2f05558-ccc0-4f9b-8269-d74c81d6ef36,"с. Оса, алл. Высоковольтная, д. 173 стр. 8/3, 215145",07:00-23:00
e8bb797f-c17b-4445-a5bb-acb882a84d55,f2f05558-ccc0-4f9b-8269-d74c81d6ef36,"3842 Jennifer Trafficway Apt. 688, Sarahtown, KS 57604",07:00-21:00
5b6a6ed6-f5b0-4d46-b65d-c2021241bbbe,f2f05558-ccc0-4f9b-8269-d74c81d6ef36,"д. Сочи, пр. К.Маркса, д. 47 стр. 32, 419385",07:00-23:00
b3640f21-472c-4faa-b91a-c25d91ae3546,f2f05558-ccc0-4f9b-8269-d74c81d6ef36,"д. Поярково, наб. Чайкиной, д. 97, 331816",07:00-22:00
24ba1ca2-0791-4bf4-840a-2e2858562ef6,f2f05558-ccc0-4f9b-8269-d74c81d6ef36,"75687 Hall Loop Suite 615, Lake Danielle, ME 05836",09:00-23:00
a6b9a213-873d-4b36-8916-b6f5bf136974,e7e10542-a039-4b83-ab41-725b40e98772,"к. Холмск, алл. Панфилова, д. 3/9 стр. 260, 186090",09:00-23:00
5e57a6e8-445e-49d9-99e5-1dbf8f09f04d,e7e10542-a039-4b83-ab41-725b40e98772,"7603 Pruitt Light Suite 944, Deannafurt, TN 36019",07:00-22:00
9cfed9b8-4654-4ae4-81a6-8656d7460772,e7e10542-a039-4b83-ab41-725b40e98772,"клх Сортавала, пер. Рязанский, д. 969 стр. 88, 926763",07:00-22:00
ff1f0c6f-024e-4d06-8277-84ffa107979d,e69e3c04-3630-4e5c-b936-480f2176d484,"77830 Robin Stream Suite 031, West Jesse, AZ 91909",07:00-23:00
7894a0e8-f168-4219-a29e-b61099424b38,e69e3c04-3630-4e5c-b936-480f2176d484,"99937 Sheryl Turnpike Suite 309, Melissaton, LA 37870",08:00-21:00
c5dfabc8-4479-48f2-b5b8-cdd1a9e2ba4a,e69e3c04-3630-4e5c-b936-480f2176d484,"клх Миасс, пр. Комарова, д. 485, 837527",09:00-21:00
a9fa63b2-8ec8-44f0-a803-0eaf855b3d00,e69e3c04-3630-4e5c-b936-480f2176d484,"к. Игнашино, ш. Поперечное, д. 7/7, 080542",09:00-21:00
b8a9c7a2-e8d0-41fb-89e4-d24842a8e86d,e69e3c04-3630-4e5c-b936-480f2176d484,"клх Кудымкар, пер. Просторный, д. 45 стр. 4, 456614",09:00-22:00
320cbdb4-8017-4d6c-90fc-b919a6f755de,e69e3c04-3630-4e5c-b936-480f2176d484,"3305 Steven Mall, Lake Michelleshire, IN 20208",08:00-23:00
5510f4fb-6081-4c82-b064-4fb2f942eaf9,e69e3c04-3630-4e5c-b936-480f2176d484,"к. Бирск, ш. Суворова, д. 44, 187264",09:00-23:00
3424159c-59b2-4f0e-9075-2f3f81b67ab4,e69e3c04-3630-4e5c-b936-480f2176d484,"д. Курск, ул. Высотная, д. 923 стр. 281, 209740",08:00-23:00
b10c7330-ba79-46f7-9461-d2d844cc2ff5,7624363c-108a-4c0d-a487-8a52a1e81401,"269 Christian Plains Suite 685, Choifurt, MA 46341",07:00-22:00
0e93be4f-2c24-4d5e-a4b2-f826b7b762be,7624363c-108a-4c0d-a487-8a52a1e81401,"689 Williams Landing Suite 688, Lake Seanfurt, ME 39853",07:00-21:00
8759b75e-308a-4865-bdb6-3439c7632bb0,7624363c-108a-4c0d-a487-8a52a1e81401,"88875 Jill Tunnel Suite 047, South Lawrence, WI 90619",09:00-21:00
861088a9-d67a-4abb-a1c1-3013aa50e4c6,7624363c-108a-4c0d-a487-8a52a1e81401,"Unit 2465 Box 1144, DPO AP 37145",07:00-21:00
9a6c49a5-67ce-4ded-9b6a-40327714ecb8,7624363c-108a-4c0d-a487-8a52a1e81401,"18559 Misty Mews Apt. 683, West Jennifertown, HI 39430",07:00-21:00
f45dd6af-7f6f-4ad9-b9be-3438c6e4ac0e,7624363c-108a-4c0d-a487-8a52a1e81401,"469 Lee Spurs Suite 657, West Samantha, IL 74842",07:00-22:00
a4f4632a-38dd-4304-8aeb-0ca526d0f99e,f42fc6c8-ed7d-4ffc-a79d-bd8a35780129,"п. Северодвинск, ш. Красноярское, д. 3 к. 7, 999933",08:00-22:00
0097bb29-c219-422b-824c-36b8f0eb44cf,f42fc6c8-ed7d-4ffc-a79d-bd8a35780129,"4560 Richard Oval Apt. 665, Port Frank, MA 36569",07:00-22:00
b44e05e4-4826-4880-9329-09785f016413,f42fc6c8-ed7d-4ffc-a79d-bd8a35780129,"8541 Mcdonald Well Apt. 018, Port Mitchellmouth, OR 68050",08:00-23:00
2ef681b9-14dc-41f2-bf41-df75c085aee3,f42fc6c8-ed7d-4ffc-a79d-bd8a35780129,"USS Richards, FPO AP 62368",07:00-22:00
90378573-2931-4c1e-badc-720b38d04f8a,f42fc6c8-ed7d-4ffc-a79d-bd8a35780129,"г. Нижневартовск, бул. Революционный, д. 32, 823902",09:00-23:00
abf1810d-b32b-4703-ae35-bd937090b733,f42fc6c8-ed7d-4ffc-a79d-bd8a35780129,"д. Тимашевск, ш. Металлистов, д. 438 стр. 2, 187253",07:00-22:00
f7007e15-9128-40a8-a6ff-a06297b85e23,f42fc6c8-ed7d-4ffc-a79d-bd8a35780129,"493 Freeman Burg Apt. 268, North Jessicaborough, VI 64190",09:00-21:00
e12340c8-8f9e-47f1-9b1f-1e009c23ca52,25c51a71-e57c-4b22-a489-5f97713cd6bc,"4087 Kelly Flat Suite 773, Robinsonville, MS 52266",08:00-21:00
280584bd-7bfe-4522-b391-a6da4ba42d76,25c51a71-e57c-4b22-a489-5f97713cd6bc,"Unit 5208 Box 0607, DPO AA 67247",09:00-21:00
16f537a6-6f12-4b01-9cb1-b24ee9edf266,25c51a71-e57c-4b22-a489-5f97713cd6bc,"с. Якша, пр. Стахановский, д. 696 стр. 977, 916610",08:00-23:00
cc390864-e584-4b15-860e-ebef81d2dc75,25c51a71-e57c-4b22-a489-5f97713cd6bc,"клх Лабытнанги, алл. Курчатова, д. 809, 093023",08:00-23:00
cc93abc5-d5be-4a21-8d7f-939d6e5e4464,937ee768-3380-480a-9e75-26e78f234c78,"к. Ведено, пер. Грибоедова, д. 692 стр. 489, 386202",08:00-23:00
25bdf2a8-ac95-4b41-9c90-c5a8b592fa31,937ee768-3380-480a-9e75-26e78f234c78,"г. Ярославль, пр. Радужный, д. 9/9 к. 6/5, 599096",09:00-21:00
e81a457e-ed1b-4cc2-a816-5d1e15e1b00a,937ee768-3380-480a-9e75-26e78f234c78,"03821 Lisa Trail, Daisystad, DC 59607",09:00-21:00
bf8fbfc7-aa1f-43d2-a5ee-a435feb3e3b9,937ee768-3380-480a-9e75-26e78f234c78,"д. Елабуга, пр. К.Маркса, д. 1/2 к. 5/7, 182735",08:00-22:00
d7c5b972-f1d0-4cf3-923e-5b667c49b39f,4331f9d2-b7bc-4505-9f44-9628e2c8014c,"736 Gregory Ville, East Brian, PR 00690",08:00-23:00
cf74c673-3f26-4c32-bc89-5cdfcd930ec7,4331f9d2-b7bc-4505-9f44-9628e2c8014c,"47415 Suzanne Heights Suite 774, West William, WV 07679",08:00-22:00
9e2fc385-b94f-4a9e-b78c-29af58c4cec9,4331f9d2-b7bc-4505-9f44-9628e2c8014c,"клх Нефтеюганск, алл. Тополиная, д. 60 стр. 747, 727214",07:00-21:00
72eed051-677d-405e-80b4-cf9631cae2bd,4331f9d2-b7bc-4505-9f44-9628e2c8014c,"ст. Кириши, бул. Угольный, д. 2/1 стр. 8/3, 620701",08:00-22:00
f53ac1b8-a2d8-41aa-aeea-b2a547947eb5,060760f1-ea5c-4753-8623-6f1bba69a073,"к. Домбай, пер. Комсомольский, д. 8 стр. 5/5, 009796",07:00-23:00
b2f4241f-9c12-4583-843d-ab18cb68cd74,060760f1-ea5c-4753-8623-6f1bba69a073,"п. Самара, бул. Дружба, д. 2/2 стр. 6, 524802",09:00-23:00
cecd0a13-79d0-4fd4-bf11-ab83063a77f2,060760f1-ea5c-4753-8623-6f1bba69a073,"6655 Jacobson Loaf Apt. 332, Smithburgh, GA 47331",07:00-23:00
ef048b02-953a-43a1-be0a-c4745bc7b9bc,060760f1-ea5c-4753-8623-6f1bba69a073,"2955 Howell Key, Danielfurt, SC 92628",09:00-21:00
b52cc6f7-1f73-488a-bab6-4df9586f0dcd,060760f1-ea5c-4753-8623-6f1bba69a073,"0340 Ramirez Way Suite 211, West Kaitlynbury, MA 51823",07:00-22:00
bc0dd00b-1ca6-469d-81c7-df51ad3cad53,fc4e6159-9892-4d33-bf0a-60f935ff80b7,"68278 Kelly Cove, Derrickview, OK 13381",07:00-21:00
de8d1b24-737d-4c9c-8058-5d87830e4965,fc4e6159-9892-4d33-bf0a-60f935ff80b7,"20251 Yolanda Pine, Susanland, WA 90651",08:00-21:00
7924c1c7-a069-4389-8c3f-db4fd23e2054,fc4e6159-9892-4d33-bf0a-60f935ff80b7,"6493 Derrick Orchard, Leeside, VI 70027",09:00-21:00
0f46c03e-5761-453b-abc8-abe63ea67539,fc4e6159-9892-4d33-bf0a-60f935ff80b7,"5853 Morton Ramp Suite 469, North Jonathan, PW 73904",09:00-21:00
14b479fd-bb57-408f-8df5-072873665507,fc4e6159-9892-4d33-bf0a-60f935ff80b7,"ст. Адлер, пр. Азовский, д. 658 к. 25, 999841",07:00-23:00
9dac0684-5adb-4792-9c9f-38bb74ab069f,fc4e6159-9892-4d33-bf0a-60f935ff80b7,"PSC 4617, Box 6093, APO AP 73068",07:00-21:00
21db0fbe-0310-4e29-ae63-893a1a2b57c0,fc4e6159-9892-4d33-bf0a-60f935ff80b7,"825 Gilbert Islands, Mcdonaldland, MI 88931",09:00-21:00
e346a171-5d4f-4a67-9f64-8c5de8d2fb8d,3c03d74a-8fa8-4aba-bad6-c7db68f32f83,"091 Bruce Track, Lake Amber, UT 81868",08:00-21:00
37a2a7ce-bc76-4754-aa27-0c0a2056444e,3c03d74a-8fa8-4aba-bad6-c7db68f32f83,"клх Кашира, ш. Деповское, д. 6/6 стр. 1, 041776",07:00-22:00
9cc910fb-4211-47d2-8f5d-8558bc5e62d4,3c03d74a-8fa8-4aba-bad6-c7db68f32f83,"ст. Бузулук, пр. 9 мая, д. 17, 293325",08:00-22:00
14c17395-1e43-47f4-9a11-2234de336e2f,3c03d74a-8fa8-4aba-bad6-c7db68f32f83,"с. Верхнее Пенжино, алл. Славянская, д. 337, 048311",08:00-21:00
f0b6e670-b557-40b2-b0a3-9c17339dfaee,3c03d74a-8fa8-4aba-bad6-c7db68f32f83,"клх Белорецк, наб. Кошевого, д. 8/5, 088488",07:00-21:00
ef064284-2db9-4271-9680-bf9d6c08161a,3c03d74a-8fa8-4aba-bad6-c7db68f32f83,"с. Чулым, бул. Сахалинский, д. 173 к. 7, 259680",07:00-23:00
7ec1f48f-17a9-4710-99ae-8eab9f33952f,3c03d74a-8fa8-4aba-bad6-c7db68f32f83,"п. Комсомольск-на-Амуре, бул. Медицинский, д. 544 к. 1, 555493",09:00-21:00
6d564d48-4ade-47b7-985b-d605ca98bde2,2a5893bf-8a01-49c8-9957-a4c2d426e8fe,"д. Энгельс, наб. Харьковская, д. 5/2 к. 471, 774770",08:00-22:00
f37a0d01-e0a0-4c4c-87a8-d1f439ae0167,2a5893bf-8a01-49c8-9957-a4c2d426e8fe,"п. Тихорецк, бул. Звездный, д. 3/5 к. 20, 197004",07:00-21:00
133b78c0-8a65-4a5b-88c8-097bd8a22c0c,2a5893bf-8a01-49c8-9957-a4c2d426e8fe,"327 Lisa Meadows, South Andrew, VA 31575",09:00-22:00
be426071-35e7-4f16-a445-34ea55901932,3c583db2-f201-4d8d-b920-0a6e973b8c3c,"481 Bullock Street, Hicksville, RI 39663",09:00-22:00
50ab2512-c730-4a5f-90a6-51f6923e5e50,3c583db2-f201-4d8d-b920-0a6e973b8c3c,"клх Катайск, наб. Белорусская, д. 8/8 к. 4, 414546",07:00-22:00
fc03846d-dd29-4a16-b6d8-a06ce4dcc6e4,3c583db2-f201-4d8d-b920-0a6e973b8c3c,"д. Нижний Новгород, бул. Болотный, д. 98, 114746",09:00-21:00
35d600bf-58e1-4f31-919e-c7eaf4b1d667,3c583db2-f201-4d8d-b920-0a6e973b8c3c,"40024 Victoria View Suite 411, East Matthewhaven, PA 16988",09:00-21:00
7bc288e7-5723-4b19-b2d1-3f23740b1d7a,3c583db2-f201-4d8d-b920-0a6e973b8c3c,"496 Kathy Mill Apt. 194, Lake Darin, PW 62146",09:00-22:00
111d2a28-a3fc-45e3-ba98-9b27348e27f4,3c583db2-f201-4d8d-b920-0a6e973b8c3c,"с. Звенигород, пер. Запрудный, д. 586, 677508",07:00-23:00
43815241-42d5-4d9f-a899-605bf39142b6,3c583db2-f201-4d8d-b920-0a6e973b8c3c,"к. Славгород, пер. Зои Космодемьянской, д. 27, 605436",09:00-21:00
33e6cd37-9eb8-4719-af68-d0b0d5141af9,3c583db2-f201-4d8d-b920-0a6e973b8c3c,"27975 Andrea Orchard Apt. 428, Stonetown, TN 08839",07:00-21:00
3ef2de17-4cca-4a88-8d35-4a67743effec,976e2e39-f48e-4eed-a14f-dfe7a9d65082,"PSC 4962, Box 3807, APO AA 66456",09:00-23:00
8ec3d93a-9bcc-4aa8-b97c-1db7fcecd130,976e2e39-f48e-4eed-a14f-dfe7a9d65082,"649 William Rue Apt. 343, Sharpport, UT 67622",09:00-21:00
5c80af4e-090a-410e-ad18-ee47ac81e006,976e2e39-f48e-4eed-a14f-dfe7a9d65082,"ст. Сарапул, пер. Троицкий, д. 2 стр. 6/2, 325324",07:00-22:00
514459ba-d0ef-4d03-a510-de7d947c950e,976e2e39-f48e-4eed-a14f-dfe7a9d65082,"ст. Черняховск, ш. Песочное, д. 1/2, 050914",08:00-22:00
5ba31c33-ff4c-4dbb-8775-ff5c19338073,976e2e39-f48e-4eed-a14f-dfe7a9d65082,"г. Ульяновск, пр. Глинки, д. 6 стр. 91, 659823",07:00-21:00
b94ac6d4-2176-4c96-a44a-0d333521eee3,976e2e39-f48e-4eed-a14f-dfe7a9d65082,"д. Тольятти, пер. Курчатова, д. 8 стр. 885, 868934",09:00-21:00
b88b6848-4a0f-40af-9102-f1fef527944a,47535663-edce-4791-b13f-c47331b55604,"Unit 9662 Box 6482, DPO AE 57612",09:00-21:00
67849139-38dc-41d2-ae26-2dd37f6b035f,47535663-edce-4791-b13f-c47331b55604,"к. Лысьва, бул. Светлый, д. 5/9, 246119",09:00-22:00
87f28f78-4623-4ef8-9ab4-a3e7ff233986,47535663-edce-4791-b13f-c47331b55604,"с. Семлячики, алл. Черемушки, д. 9/9, 146609",09:00-21:00
f3c8a668-20b2-4b9b-b327-56a6c5ccfbd3,47535663-edce-4791-b13f-c47331b55604,"67053 Tate Islands, East Richardtown, PA 81039",08:00-21:00
f1a8b58b-6643-4d9e-b59f-0fdf434851f8,34e9a480-adf4-4c53-ad4c-479ff51990a5,"07749 Mckee Loaf, Bishopville, VI 81750",09:00-22:00
87e6847f-58c7-4b2b-922c-dd961ca9c9bb,34e9a480-adf4-4c53-ad4c-479ff51990a5,"д. Бодайбо, пер. Раздольный, д. 8 стр. 5, 168193",09:00-23:00
5dda8ad3-560c-4e80-a49b-bec4619efcd9,34e9a480-adf4-4c53-ad4c-479ff51990a5,"п. Печора, алл. Володарского, д. 608 к. 3/5, 384640",08:00-23:00
705beea8-9ea9-488b-99ec-0c39f1f47614,34e9a480-adf4-4c53-ad4c-479ff51990a5,"583 Hansen Divide, South Maryview, RI 78184",08:00-21:00
a5ffe1f8-314b-4a77-8357-661626495a54,34e9a480-adf4-4c53-ad4c-479ff51990a5,"к. Снежногорск (Мурм.), ш. Полтавское, д. 6, 903519",07:00-23:00
51095514-a7bb-4351-9c87-e4bc71a145a1,34e9a480-adf4-4c53-ad4c-479ff51990a5,"791 Christina Neck, Tracyborough, FL 05305",09:00-23:00
61c9bf9e-431a-411c-ad3f-0ff7aff15516,34e9a480-adf4-4c53-ad4c-479ff51990a5,"054 Erik Bypass, Sarahtown, WV 30969",08:00-23:00
8520c30b-c872-4a85-8e3c-ed2f4d6c9a6d,fba6c7e5-9176-40fa-9c27-a46a6fe5dd13,"ст. Тутончаны, пр. Жуковского, д. 94 стр. 893, 184557",08:00-21:00
72eaf652-791a-4a3b-818f-12e3cdc80658,fba6c7e5-9176-40fa-9c27-a46a6fe5dd13,"ст. Котлас, ул. Пушкинская, д. 482 к. 625, 821048",07:00-21:00
bdba7c15-5f17-4b2a-820a-cfb90335da44,fba6c7e5-9176-40fa-9c27-a46a6fe5dd13,"к. Губкин, пр. Челюскинцев, д. 20, 787174",08:00-23:00
48f279df-8351-4e0c-a392-07326f55733d,fba6c7e5-9176-40fa-9c27-a46a6fe5dd13,"4727 Joseph Green, Joshuaport, PW 53188",07:00-23:00
92c44f77-7b59-4643-bd12-1fe7c6f67fcf,fba6c7e5-9176-40fa-9c27-a46a6fe5dd13,"Unit 4839 Box 4631, DPO AE 22413",08:00-21:00
4fbd898b-3d7e-4e48-b1ce-e52127f18414,fba6c7e5-9176-40fa-9c27-a46a6fe5dd13,"г. Волгоград, алл. Димитрова, д. 286, 533827",09:00-21:00
e12d9ce5-8951-4543-9a4a-b73976b7037d,fba6c7e5-9176-40fa-9c27-a46a6fe5dd13,"981 Fletcher Plaza, Garcialand, MA 32257",07:00-21:00
6035ca65-1e25-4e03-8203-7c3bae83a09d,44ef4832-4ada-4e66-b76b-1712a715104b,"86437 Briggs Avenue Suite 433, South Dennis, MI 06510",08:00-23:00
1d833443-3032-4526-8483-450de9eba5bf,44ef4832-4ada-4e66-b76b-1712a715104b,"с. Южно-Курильск, алл. Орловская, д. 8/1, 080646",08:00-22:00
7a556f96-02c2-4db0-8d11-531f64794b7d,44ef4832-4ada-4e66-b76b-1712a715104b,"г. Кущевская, ул. Партизанская, д. 4/2 к. 3/6, 576802",08:00-21:00
ab07a288-3380-4116-a978-516f3feb1f43,44ef4832-4ada-4e66-b76b-1712a715104b,"с. Усть-Ишим, бул. Шахтерский, д. 8, 942535",09:00-22:00
5c3b0398-a4c6-41aa-90c3-b087310248e5,44ef4832-4ada-4e66-b76b-1712a715104b,"г. Мичуринск, алл. Литейная, д. 562 к. 374, 806267",08:00-23:00
8b829b0f-32f3-4053-b9bc-a0525ccd90eb,44ef4832-4ada-4e66-b76b-1712a715104b,"PSC 3122, Box 8242, APO AE 79896",09:00-23:00
b443b77e-51f9-4401-bcf3-32c7115b3025,3290012b-24d5-4c78-9bcf-0097ffe82f18,"к. Сусуман, алл. Локомотивная, д. 33, 021974",09:00-23:00
2593d791-b5a2-4e25-b1c2-01fd1d4a9d37,3290012b-24d5-4c78-9bcf-0097ffe82f18,"56965 Stone Springs Suite 886, Emilyhaven, VI 65483",09:00-22:00
749953fa-9666-4d87-a6fc-02882656e301,3290012b-24d5-4c78-9bcf-0097ffe82f18,"клх Бирск, пер. Литейный, д. 5/9, 765778",07:00-23:00
39b31ce7-88c9-4dd4-9c02-d2d9e3c57a39,3290012b-24d5-4c78-9bcf-0097ffe82f18,"4959 Michael Circle Apt. 313, South Amyfurt, PW 45662",09:00-23:00
7a6c31bc-c235-4726-a76d-23486867bbbc,3290012b-24d5-4c78-9bcf-0097ffe82f18,"8535 Brown Glen Suite 528, South Ashleyland, ND 19709",07:00-22:00
37a1a78f-63f3-4a1c-be45-eda459a874a3,3290012b-24d5-4c78-9bcf-0097ffe82f18,"6941 Jennifer Trafficway, Christinaborough, HI 11755",07:00-21:00
4d52c4f4-0f98-466f-a39d-24c886af177d,3290012b-24d5-4c78-9bcf-0097ffe82f18,"п. Диксон, ш. М.Горького, д. 25 стр. 252, 397331",08:00-23:00
76a4a0e9-0f24-475e-896f-a61fb89a8e11,3290012b-24d5-4c78-9bcf-0097ffe82f18,"к. Мытищи, алл. 9 мая, д. 14, 712024",09:00-23:00
d285b51a-f4c2-4f67-9845-fed2aeef38d0,821157c5-7cb7-4ecd-8674-46626d18c4f6,"к. Рыбинск, ул. Механизаторов, д. 697, 122312",09:00-21:00
6aa8743a-9f37-4ac8-9f9d-1253397ae1d6,821157c5-7cb7-4ecd-8674-46626d18c4f6,"п. Невьянск, пер. Войкова, д. 9/4 стр. 283, 008007",07:00-23:00
64f61150-b2b4-4497-8f01-7ea2541e5c4c,821157c5-7cb7-4ecd-8674-46626d18c4f6,"0130 Riddle Falls, Josephfurt, IL 89912",08:00-22:00
a599a331-5552-42cf-bb9b-707de80acb48,45f0a577-f967-4825-96d1-65b107487ca7,"80277 Ward Alley, Parkerburgh, MH 41220",07:00-21:00
9371f007-c28a-4cb5-bf09-b9c026cb99cc,45f0a577-f967-4825-96d1-65b107487ca7,"ст. Новочеркасск, бул. Лазо, д. 134 к. 558, 199383",07:00-23:00
672b73c5-bfcc-44d4-9196-579db2397e3d,45f0a577-f967-4825-96d1-65b107487ca7,"562 William Course, Rowlandmouth, GU 88468",09:00-23:00
0e0374c0-ccb5-498d-89ae-55ed1ceaa852,299cf82d-575a-4c12-af91-9aa4580a833a,"40613 Latasha Loaf, West Jeffreyshire, SD 16873",07:00-23:00
9a3b4344-9368-4a37-ba94-f1038488e314,299cf82d-575a-4c12-af91-9aa4580a833a,"д. Соль-Илецк, пр. Бригадный, д. 8 к. 31, 262273",09:00-21:00
cecd7859-1690-43e6-b113-060c8af70aa4,299cf82d-575a-4c12-af91-9aa4580a833a,"9560 Smith Wells, New Kellyside, SC 39520",09:00-22:00
24d6e831-d54a-4a78-905d-ef850c0d42d1,299cf82d-575a-4c12-af91-9aa4580a833a,"10468 Garcia Squares, Katherinefort, NH 88987",07:00-21:00
c1802fbe-396c-4a31-96cf-fe8110e95d38,299cf82d-575a-4c12-af91-9aa4580a833a,"ст. Курган, пер. Ильича, д. 35, 820690",07:00-23:00
3e488e20-c6e6-49a9-84e2-aa841a1716e2,299cf82d-575a-4c12-af91-9aa4580a833a,"USS Hernandez, FPO AP 58192",07:00-21:00
86d6b447-209b-4506-ab28-cd82590b5a6d,299cf82d-575a-4c12-af91-9aa4580a833a,"6757 Kim Wells Apt. 151, East Linda, SD 91844",09:00-23:00
a16726d9-9b83-4090-b4ac-403df69bff61,299cf82d-575a-4c12-af91-9aa4580a833a,"934 Jessica Pine, Jessicastad, CT 25870",08:00-23:00
17a1f928-a984-4e84-8c6c-69b5a820cb8a,70df2ca8-510c-4622-91d7-593066df3b6b,"д. Минеральные Воды, бул. Комсомольский, д. 8, 724088",09:00-21:00
7008da68-63f0-4867-9e78-3635a87a5b59,70df2ca8-510c-4622-91d7-593066df3b6b,"к. Верхоянск, ул. Фабричная, д. 3/2, 615865",07:00-22:00
3dbe2975-7056-43f2-81f4-cd8e6fe84827,70df2ca8-510c-4622-91d7-593066df3b6b,"г. Лабинск, ул. Пушкинская, д. 7/3, 322964",07:00-22:00
2f9ab391-e1aa-44f4-9493-b213dfaedde5,70df2ca8-510c-4622-91d7-593066df3b6b,"8930 Mcdaniel Circles Apt. 552, Georgefort, PR 79708",07:00-23:00
5c451f27-5eeb-428f-a58a-542190505275,70df2ca8-510c-4622-91d7-593066df3b6b,"1700 Bryan Point Suite 755, Vargasside, VI 36620",08:00-23:00
d0154348-d3b2-4e40-8318-39cc7f0e7965,73c6ddcb-cd82-42c6-a01d-c6101c696c77,"18120 Randy Villages Suite 069, Joyceville, DC 98344",07:00-22:00
a97e2da5-ce23-4ead-b775-e5aee45e286f,73c6ddcb-cd82-42c6-a01d-c6101c696c77,"PSC 9290, Box 4612, APO AA 90058",09:00-23:00
0b57f079-255a-4d86-b9f6-76ffa0f35721,73c6ddcb-cd82-42c6-a01d-c6101c696c77,"0510 Michelle Circle, Esparzastad, VI 33702",09:00-22:00
18b58ead-df26-4cb4-9ec6-9321994674d9,73c6ddcb-cd82-42c6-a01d-c6101c696c77,"2760 Kenneth Crescent, Lake Alanbury, AR 68407",07:00-22:00
3a61c33f-36c4-4ee7-bf8f-edb00c0e3e4d,73c6ddcb-cd82-42c6-a01d-c6101c696c77,"д. Буйнакск, алл. Ермака, д. 2/2 к. 280, 744211",07:00-22:00
c4134ea5-3b9a-43e6-8267-5ef44977f998,d7bd229e-c5ec-44ea-b55e-c30183fbd12f,"9290 Hamilton Plaza, Combston, IL 32481",09:00-23:00
80828a4c-fcc2-4371-a874-875b1d3a687d,d7bd229e-c5ec-44ea-b55e-c30183fbd12f,"0247 Susan Camp, Marshallfort, KS 29536",09:00-21:00
145caf7f-7fbe-425f-ab44-015be43c70a1,d7bd229e-c5ec-44ea-b55e-c30183fbd12f,"д. Балашов, алл. Орджоникидзе, д. 31 стр. 9, 329756",09:00-22:00
18de76b0-623f-4a20-ae66-005796120465,d7bd229e-c5ec-44ea-b55e-c30183fbd12f,"Unit 3005 Box 5145, DPO AE 33173",07:00-22:00
0116547d-098a-49f9-94e6-e5a4a64dc56e,4ca3a223-365b-4702-8d2b-6003073a63d1,"787 Sullivan Fork Suite 856, Lake Kimberlyhaven, VA 90960",07:00-23:00
0fc55873-ad5f-48a0-a0bc-f7d9b3b50127,4ca3a223-365b-4702-8d2b-6003073a63d1,"1197 Connie Estate, West Joshua, GA 97104",07:00-22:00
67da3bcb-d0ed-408e-9100-221cfe9c0e77,4ca3a223-365b-4702-8d2b-6003073a63d1,"2718 Potter Branch Apt. 251, New Lisa, IL 73456",08:00-23:00
73409d1c-c18e-4bbf-9cb8-6e606c06bc5d,4ca3a223-365b-4702-8d2b-6003073a63d1,"PSC 6442, Box 9925, APO AA 00669",08:00-21:00
8f05e2b5-1fb4-4101-8f96-786bfa800090,4ca3a223-365b-4702-8d2b-6003073a63d1,"д. Касимов, ш. Угловое, д. 4 стр. 5, 837930",08:00-21:00
35713d91-adbe-4c35-a02f-b67917d8b0c5,4ca3a223-365b-4702-8d2b-6003073a63d1,"г. Ярославль, бул. Лазо, д. 285, 887459",07:00-22:00
dcf6be3d-7278-4184-a466-dc2a39ddbd5f,4ca3a223-365b-4702-8d2b-6003073a63d1,"3508 Timothy Vista, Carsontown, MN 30837",07:00-22:00
5e23e216-cd7b-4701-9be0-14bc42192024,cd14d07a-d1e0-4d7c-b54d-03ed8c523082,"5586 Sampson Run Apt. 453, Crystalberg, NM 61993",07:00-22:00
21fbaa07-39ec-4852-be9a-d8ec4d6a1a93,cd14d07a-d1e0-4d7c-b54d-03ed8c523082,"0576 Carlos Islands, Rachelville, NH 41230",08:00-21:00
ada117cd-c905-4b73-9a96-7154674a9890,cd14d07a-d1e0-4d7c-b54d-03ed8c523082,"д. Нижний Новгород, пр. Первомайский, д. 9/4, 114031",09:00-23:00
afe031bb-2c16-4836-aa26-6ab3e4f06c21,cd14d07a-d1e0-4d7c-b54d-03ed8c523082,"359 Davis Skyway Apt. 161, Aprilborough, ID 80565",07:00-22:00
c89205cd-4b17-42cf-8737-f399bc476a8f,cd14d07a-d1e0-4d7c-b54d-03ed8c523082,"п. Темрюк, бул. 8 Марта, д. 3/4 стр. 8/1, 199940",09:00-23:00
eea687fe-8cd2-441e-bf3f-0849e11180d7,cd14d07a-d1e0-4d7c-b54d-03ed8c523082,"307 Thomas Cape Apt. 536, Arthurbury, TN 04218",07:00-21:00
f3a03844-bb97-49d9-bd42-0d0b331e2cf2,cd14d07a-d1e0-4d7c-b54d-03ed8c523082,"Unit 5090 Box 3425, DPO AE 76806",08:00-23:00
4350d1f0-5558-461c-84a1-f36fbce0f568,80f5e8be-7b3d-4eb5-97fa-86707ab6b207,"40604 Karen Bridge Apt. 100, West Karenland, DC 71926",08:00-21:00
6ad2b2d5-e651-4c30-b6f5-80661df4613b,80f5e8be-7b3d-4eb5-97fa-86707ab6b207,"11629 James Field, East Brianland, NM 98229",09:00-21:00
563c0775-6eb0-4ee5-8e1b-2bf736ddef36,80f5e8be-7b3d-4eb5-97fa-86707ab6b207,"USCGC Stewart, FPO AE 56525",09:00-22:00
9061a6e6-0a36-498f-9708-fc818ffb8344,80f5e8be-7b3d-4eb5-97fa-86707ab6b207,"клх Вязьма, ш. Линейное, д. 4/2 стр. 118, 276708",09:00-21:00
f9ced96e-f37f-426c-8906-d4ff9135a453,80f5e8be-7b3d-4eb5-97fa-86707ab6b207,"7988 Heath Union Suite 469, East Benjamin, NY 42311",09:00-23:00
1720ebf5-2c25-440a-b7b1-6bedceff34e6,80f5e8be-7b3d-4eb5-97fa-86707ab6b207,"к. Сибай, бул. Торговый, д. 3 стр. 4/2, 938049",07:00-22:00
678e12bb-3e84-427a-a50d-7415f5267141,80f5e8be-7b3d-4eb5-97fa-86707ab6b207,"д. Туапсе, ш. Уральское, д. 4, 126031",09:00-22:00
6e020198-d3a2-45df-8119-a45094186899,4d40453e-5e53-4750-bfc6-8b4a9bd6a622,"клх Кемерово, ул. Белинского, д. 7, 918521",07:00-22:00
05a2617c-795c-42c4-b8ee-16b005f9d305,4d40453e-5e53-4750-bfc6-8b4a9bd6a622,"68535 Sosa Drive Suite 475, Carriefort, FM 82444",07:00-23:00
e2aef8c0-d1a6-478a-a67e-a625064a3c9a,4d40453e-5e53-4750-bfc6-8b4a9bd6a622,"клх Черусти, пер. Азина, д. 80 к. 182, 361944",07:00-21:00
366103a4-33d0-4fb8-9f6b-f8f12c6cf21a,fc1e6121-9c55-4026-a63d-5ad1b9e1797b,"545 West Prairie Suite 440, Reedfurt, IN 18630",08:00-23:00
232775cf-146b-4fb6-8b1c-0d00aa3cd4c5,fc1e6121-9c55-4026-a63d-5ad1b9e1797b,"654 Gonzalez Stream Apt. 207, South Jessica, DE 36259",07:00-21:00
25041ce6-c84e-4d9c-a80f-5784152117a6,fc1e6121-9c55-4026-a63d-5ad1b9e1797b,"669 Christopher Squares Apt. 468, North Robertmouth, NE 17552",09:00-22:00
843c1f1d-99f3-4c2f-83ca-dcde93a260ed,fc1e6121-9c55-4026-a63d-5ad1b9e1797b,"014 Anthony Square Suite 897, Lake Heathershire, AL 64146",07:00-22:00
c7c825af-15ea-4a71-9028-f69512946d6a,fc1e6121-9c55-4026-a63d-5ad1b9e1797b,"п. Макушино, ул. Воронежская, д. 2 к. 94, 459197",07:00-22:00
06e36bc3-9b80-440f-bc02-3eae77279c07,fc1e6121-9c55-4026-a63d-5ad1b9e1797b,"с. Когалым, алл. Заозерная, д. 7/8, 346860",08:00-22:00
c6d919d7-5059-4daf-896c-64c1ba18b7cc,fc1e6121-9c55-4026-a63d-5ad1b9e1797b,"170 Simmons Ramp Apt. 644, East Mary, UT 37211",07:00-23:00
e637d575-2940-4308-8777-aae7ec9f4ea4,3ed00f93-3c44-469a-a08c-7b8c46b8c7b4,"4595 King Plain, East Natalie, AR 30880",09:00-22:00
12a96c78-54d7-4d78-a87f-0f380ffaee8c,3ed00f93-3c44-469a-a08c-7b8c46b8c7b4,"5189 Salazar Stream, Annafurt, ID 16667",09:00-22:00
1eaf70dd-c84b-4987-b6f2-61bb6a0458a1,3ed00f93-3c44-469a-a08c-7b8c46b8c7b4,"д. Пенза, бул. Партизанский, д. 5 стр. 5/6, 935633",08:00-22:00
c942773f-5cee-409f-93e6-7d466a62479f,3ed00f93-3c44-469a-a08c-7b8c46b8c7b4,"728 Gill Center Apt. 160, West Gregorytown, KS 58815",08:00-22:00
d278e8ea-62ef-4210-b8f1-f63295ce24ce,3ed00f93-3c44-469a-a08c-7b8c46b8c7b4,"5928 Brown Divide Suite 141, Stephanieview, SC 25445",09:00-21:00
895647f2-30e4-4753-983b-49d6e796d47b,3ed00f93-3c44-469a-a08c-7b8c46b8c7b4,"д. Токсово, пер. Советской Армии, д. 32, 543932",08:00-23:00
975d633f-fbd1-4f60-95ea-878cdbcf5798,3ed00f93-3c44-469a-a08c-7b8c46b8c7b4,"417 Anderson Orchard Suite 095, Hartside, MS 33769",09:00-21:00
a2f03886-4dc6-41e7-b0c1-f79eaa89e260,5c3d465e-3414-4ba3-82a9-4070391a0164,"клх Нефтегорск (Самар.), ш. Фадеева, д. 94 стр. 80, 106604",08:00-22:00
4e935d48-0eaf-486b-b79c-121f8dc9a8a9,5c3d465e-3414-4ba3-82a9-4070391a0164,"5879 Butler Summit, Walkertown, RI 41404",09:00-21:00
58587e98-bdf2-41a1-9b59-ed5484131119,5c3d465e-3414-4ba3-82a9-4070391a0164,"28665 Costa Cove, Lake Nicole, ND 96288",09:00-22:00
d09b3183-2aaf-437b-bdfa-3cbf843928ed,5c3d465e-3414-4ba3-82a9-4070391a0164,"д. Тутаев, ш. Ульяновское, д. 519 к. 1, 751096",07:00-22:00
30d6e82c-876a-43a4-a709-0908a98c4f98,5c3d465e-3414-4ba3-82a9-4070391a0164,"п. Холмск, пер. Фрунзе, д. 4 к. 4/7, 571151",09:00-21:00
120a5287-89c5-47b4-894a-c1e7ac651b9d,5c3d465e-3414-4ba3-82a9-4070391a0164,"9301 Michael Street, Jonathonbury, FM 71774",07:00-22:00
4b7155a7-f505-4fac-87f6-fed13d41bdd7,c82040dd-ff5f-4b2c-b2ce-cf4812f40506,"к. Шатой, пер. Марта 8, д. 295, 450141",08:00-22:00
aa4dee7c-bf0f-4202-a200-a0b329e71578,c82040dd-ff5f-4b2c-b2ce-cf4812f40506,"806 Kayla Tunnel, Whiteton, HI 33177",09:00-23:00
20f56c9e-5399-4e18-8885-e6787f4c9a10,c82040dd-ff5f-4b2c-b2ce-cf4812f40506,"Unit 3948 Box 1567, DPO AA 68130",09:00-23:00
8cc1d82f-8785-4c38-beba-c1553f369d2c,06b5c162-50be-4d24-946a-3538f1f6c8d0,"0495 Karen Streets Suite 250, Port Brandonshire, UT 27399",07:00-21:00
b8d99763-d4e5-429c-a19b-390b747e67ae,06b5c162-50be-4d24-946a-3538f1f6c8d0,"966 Franklin Ferry, Jessicaside, NJ 31129",08:00-21:00
1092f16c-bf84-42eb-aaa3-6f6563fb180c,06b5c162-50be-4d24-946a-3538f1f6c8d0,"7029 Kimberly Harbor Suite 378, North Megantown, NJ 53695",07:00-23:00
c144d93d-2879-499e-bf97-577ec31aceba,06b5c162-50be-4d24-946a-3538f1f6c8d0,"ст. Барнаул, алл. Советов, д. 6/6 к. 3, 748039",09:00-23:00
a581bed9-060a-4682-9c03-439f772ac81a,06b5c162-50be-4d24-946a-3538f1f6c8d0,"с. Чикола, пер. Суворова, д. 51 к. 9, 239278",09:00-22:00
16179e4e-b02b-4e11-909a-4ba198be60a6,06b5c162-50be-4d24-946a-3538f1f6c8d0,"д. Губкин, ш. Астраханское, д. 26 стр. 211, 845441",07:00-22:00
80074625-9e8a-459d-98f5-bf85bbcfde2f,558af600-3558-40e6-9213-a07cea3432ba,"г. Ялуторовск, алл. Высоцкого, д. 265, 571612",07:00-21:00
16a674a6-b564-401c-9b28-6bf19218d546,558af600-3558-40e6-9213-a07cea3432ba,"г. Советский, наб. Радужная, д. 159 стр. 290, 835655",09:00-22:00
ba024cd5-9593-40e2-98ed-645f37f57115,558af600-3558-40e6-9213-a07cea3432ba,"0918 Collier Islands, Lake David, AS 90142",08:00-23:00
2e649c64-e019-4aab-9160-a69eddcd5812,7b0d893c-f1f5-4514-bfd4-ab6f1d85d5d5,"к. Тотьма, алл. Таманская, д. 709 стр. 5, 469592",07:00-23:00
50e4b5dd-550e-4568-9ffc-ce5bfa7f97e3,7b0d893c-f1f5-4514-bfd4-ab6f1d85d5d5,"2449 Arnold Forges Apt. 962, Sotobury, MS 24756",08:00-23:00
78a4d36f-ff37-4d9b-9077-aeaca2ce7242,7b0d893c-f1f5-4514-bfd4-ab6f1d85d5d5,"п. Учалы, наб. Ломоносова, д. 49, 631456",09:00-21:00
5ac9bf3a-4f82-476b-91e7-189fc08718d9,7b0d893c-f1f5-4514-bfd4-ab6f1d85d5d5,"521 Andrew Rue, Christinashire, IN 93529",08:00-22:00
5a9079c3-d6e3-4f98-b804-fc3cafa25a4c,7b0d893c-f1f5-4514-bfd4-ab6f1d85d5d5,"1613 Wong Streets Suite 696, Coxfurt, NV 56723",08:00-22:00
5becdb32-dcc6-4f0a-9ff0-5ba9dbcf540c,7b0d893c-f1f5-4514-bfd4-ab6f1d85d5d5,"к. Тобольск, наб. Терешковой, д. 87 к. 244, 210496",09:00-23:00
f7ff2f5e-bac5-4d7d-ba35-e6da046c1cff,7b0d893c-f1f5-4514-bfd4-ab6f1d85d5d5,"ст. Дмитров, ул. Раздольная, д. 68, 518169",08:00-21:00
a22e11f1-af3c-4dab-a1a2-c96432b651f5,7b0d893c-f1f5-4514-bfd4-ab6f1d85d5d5,"ст. Руза, пр. Маяковского, д. 6, 998935",07:00-21:00
d92e3495-fb60-4018-a4c3-ad8e52cba7f3,3d4d0447-cd66-4efc-9ed6-df34b9f740fd,"1903 Myers Streets, North Margaret, CO 74571",07:00-21:00
c3049b61-83a4-411c-8b0b-b9bd02566a9f,3d4d0447-cd66-4efc-9ed6-df34b9f740fd,"г. Оренбург, алл. Плеханова, д. 2 к. 53, 920477",07:00-22:00
6a5a7f5b-645f-470b-80a3-f28af251e46d,3d4d0447-cd66-4efc-9ed6-df34b9f740fd,"78564 Walsh Expressway Suite 128, North Madeline, WY 72624",07:00-23:00
758e8c53-dde9-4e0d-89e6-48cb0ec3fc54,3d4d0447-cd66-4efc-9ed6-df34b9f740fd,"08172 Joseph Forge, Haroldshire, CO 18269",07:00-21:00
63d1085a-9423-46c6-a9ec-191e88c5a0f0,3d4d0447-cd66-4efc-9ed6-df34b9f740fd,"885 Mary Coves Suite 028, East Darleneport, LA 30285",09:00-21:00
54d0f961-d8d7-4c79-91aa-c4a70079f23f,3d4d0447-cd66-4efc-9ed6-df34b9f740fd,"ст. Химки, пер. Рябиновый, д. 35 к. 362, 632536",07:00-22:00
52797677-6f92-477f-a2d1-13483d5e5768,3d4d0447-cd66-4efc-9ed6-df34b9f740fd,"997 Mary Canyon Apt. 390, Colemanshire, UT 27098",09:00-21:00
a1d0db7f-3a78-428b-aee7-0d1d296fe30d,3d4d0447-cd66-4efc-9ed6-df34b9f740fd,"ст. Истра, алл. Кавказская, д. 398, 595576",09:00-22:00
a99db5be-8bd3-425a-87c3-885ea3560de1,202c2c39-3d74-457e-9574-bcd2451f938f,"к. Курчатов, ул. Чапаева, д. 9 к. 212, 582460",07:00-23:00
125700c0-e466-48a4-bcaa-30d5c5052fd2,202c2c39-3d74-457e-9574-bcd2451f938f,"1434 Weiss Summit, Joshuaview, MP 54632",09:00-21:00
229f7fef-0295-4458-b076-2d59b89a847a,202c2c39-3d74-457e-9574-bcd2451f938f,"п. Меренга, ш. Тельмана, д. 9, 504709",09:00-21:00
657e1106-6650-44e9-9d59-eef54bfae4cc,202c2c39-3d74-457e-9574-bcd2451f938f,"710 Fitzgerald Court Apt. 285, Raymondburgh, PR 45588",09:00-22:00
22abb191-c3ce-44ee-a9b6-7472ac26ba00,5df1938e-a2e6-4e61-a908-f00491052d2a,"1963 Hanson Port, North Jessica, MA 07053",09:00-23:00
9523761b-4444-4458-8200-f71bcea2461f,5df1938e-a2e6-4e61-a908-f00491052d2a,"68758 Erin Ports Apt. 822, Jesseshire, GU 78135",07:00-23:00
3831646a-91e5-46f0-a1e4-92384b87c92d,5df1938e-a2e6-4e61-a908-f00491052d2a,"059 Logan Road Apt. 439, West Lisa, AR 29072",08:00-22:00
dc5d3497-02f4-4147-a0e7-1b5ac1a85cb1,5df1938e-a2e6-4e61-a908-f00491052d2a,"795 Sandra Path, Lake Vincentmouth, SD 54036",07:00-23:00
5abeffc8-84cf-4086-9710-a90cd6623f60,5df1938e-a2e6-4e61-a908-f00491052d2a,"818 Terrell Isle Suite 937, Barajasshire, CT 66605",07:00-21:00
2997dcf2-e36c-44bf-aac1-ec26466c6bf7,c7cc2d53-f03f-4f5e-93d3-b4ab7b7063c9,"г. Каргополь, наб. Правды, д. 9 стр. 88, 658826",07:00-21:00
911e9d9d-95db-48aa-bfab-34889fa9c9ac,c7cc2d53-f03f-4f5e-93d3-b4ab7b7063c9,"г. Октябрьское (Челяб.), пер. Коммунистический, д. 96 к. 738, 229808",08:00-21:00
850de2fc-4a0a-4441-a36e-4896e1c0b7fd,c7cc2d53-f03f-4f5e-93d3-b4ab7b7063c9,"5697 Kyle Rue, Ericburgh, WY 48450",08:00-23:00
ba7f0733-3634-4e35-81a5-694cf95a099a,c7cc2d53-f03f-4f5e-93d3-b4ab7b7063c9,"к. Нальчик, пр. Пролетарский, д. 530, 834569",07:00-21:00
97ad9d88-56c1-4a09-ad8f-314d93de34e7,c7cc2d53-f03f-4f5e-93d3-b4ab7b7063c9,"874 Lyons Plains Apt. 262, West Thomas, HI 87365",09:00-23:00
475f14d2-1ecb-4f8f-abb4-6991582bf153,c7cc2d53-f03f-4f5e-93d3-b4ab7b7063c9,"4357 Chambers Crossing Apt. 328, New Alexa, HI 06222",08:00-22:00
a1b42b1a-30cf-415b-a785-8ad397537bf1,eb1c0a81-aeba-4304-a142-174af23ad389,"клх Павловская, алл. Хуторская, д. 629 к. 1, 377245",07:00-22:00
d141b68a-c4df-456b-a204-1abf6ab86e29,eb1c0a81-aeba-4304-a142-174af23ad389,"096 Travis Mall, Clarkside, AL 15843",08:00-22:00
eae7bca3-4f17-4278-b197-b7012fc6087f,eb1c0a81-aeba-4304-a142-174af23ad389,"146 Garner Burgs Suite 083, Gabriellefurt, MA 19371",07:00-22:00
d126562f-0482-4fad-a20b-823fc9cafe92,eb1c0a81-aeba-4304-a142-174af23ad389,"375 Joseph Ford, Christyfurt, MS 98885",08:00-21:00
1d11e7cb-840f-4831-86bd-26d6b09e0987,eb1c0a81-aeba-4304-a142-174af23ad389,"клх Саратов, ш. Революционное, д. 345, 360807",09:00-23:00
66f5567d-ea93-45cb-b897-cf859f8bed25,f295178f-719c-4231-9f91-7b447f9b6bab,"6432 Glover Camp, Lake Eric, NY 59228",09:00-23:00
5b3a9ac2-713a-4ca9-a8e7-57083ff16f8c,f295178f-719c-4231-9f91-7b447f9b6bab,"к. Южно-Курильск, бул. Кирпичный, д. 871 стр. 233, 677355",08:00-21:00
9633ceaa-0ab2-4773-a0b9-8546ab80176d,f295178f-719c-4231-9f91-7b447f9b6bab,"к. Хатанга, бул. Озерный, д. 646 стр. 76, 015295",09:00-23:00
aac6d226-1bd9-49f2-a6aa-a2bde68a17c4,76ca9c5a-7963-4d1c-93cd-3a69824af23d,"ст. Ханты-Мансийск, пер. Отрадный, д. 4/5 к. 8/9, 001692",08:00-23:00
6af405e8-05dd-4ce2-8261-ee3212946ec0,76ca9c5a-7963-4d1c-93cd-3a69824af23d,"9092 Leslie Greens, Stevensville, GA 43867",07:00-21:00
0031e863-b9bd-4eb7-b725-860d68300cc0,76ca9c5a-7963-4d1c-93cd-3a69824af23d,"д. Токсово, пр. Разина, д. 799 стр. 221, 932420",07:00-21:00
f37c4531-9594-4351-bbd0-1b2dad4342f4,76ca9c5a-7963-4d1c-93cd-3a69824af23d,"279 Ashley Place Suite 227, Lake Ebonyberg, MD 77806",07:00-22:00
6b466857-c76c-43c7-8b02-e80f05023b16,76ca9c5a-7963-4d1c-93cd-3a69824af23d,"п. Минеральные Воды, алл. Промышленная, д. 7, 889591",08:00-23:00
407c2803-972b-491a-aa8b-1526b1f929b4,76ca9c5a-7963-4d1c-93cd-3a69824af23d,"USNS Le, FPO AE 59948",07:00-21:00
3b61d459-3c04-48c7-b79f-61249d842fb0,76ca9c5a-7963-4d1c-93cd-3a69824af23d,"с. Анапа, ул. Озерная, д. 85 стр. 2, 619865",09:00-23:00
35eda5cf-468f-4184-bc6c-65cb45b436cb,faaeef90-36af-4b2c-9a0b-81f9c2572985,"4861 Gaines Lane Suite 005, West Charles, VI 16749",07:00-21:00
50eb90e7-ccea-4bbe-9794-ead3ef6cc4cf,faaeef90-36af-4b2c-9a0b-81f9c2572985,"клх Саров (Морд.), пер. Рязанский, д. 3 к. 9/3, 964592",09:00-22:00
c608062b-e0f9-40ef-b349-76926a9c2b2d,faaeef90-36af-4b2c-9a0b-81f9c2572985,"д. Туапсе, пр. Ростовский, д. 5/2, 765852",09:00-23:00
5bf6c8f0-06e5-44ed-bf23-6084c445bfe7,faaeef90-36af-4b2c-9a0b-81f9c2572985,"д. Сосногорск, алл. Ермака, д. 2/3 стр. 4/4, 515112",08:00-22:00
d2ed7633-2caf-4184-8e02-401b910276eb,faaeef90-36af-4b2c-9a0b-81f9c2572985,"385 Savage Cape, Teresaview, NE 47448",07:00-22:00
f2ccbbe7-0ac7-4110-8bd9-4d8c06cf4904,3156991b-b226-44e5-8c96-707e6d218bda,"6463 Michelle Fall Apt. 366, East Richard, PA 88650",08:00-21:00
2b30b5a9-478a-4f51-9028-7d9d3aedf3dd,3156991b-b226-44e5-8c96-707e6d218bda,"91457 Stanley Greens Apt. 063, Cruzton, FL 90876",07:00-23:00
ad48a76f-4765-4ea0-8808-8bb62bb81868,3156991b-b226-44e5-8c96-707e6d218bda,"д. Курумкан, ш. Индустриальное, д. 4/5 к. 548, 948105",08:00-22:00
25e26a2c-f62c-4ead-9247-888884647d27,3156991b-b226-44e5-8c96-707e6d218bda,"к. Забайкальск, ул. Полярная, д. 94 к. 6/4, 060727",08:00-21:00
b997c52c-67d3-4cca-9c35-b0909f6e9fcb,3156991b-b226-44e5-8c96-707e6d218bda,"720 Madison Creek Suite 794, Rickytown, SC 40497",07:00-23:00
7b1ead5a-dbaa-40f0-b8f0-fbc25474d7d8,3156991b-b226-44e5-8c96-707e6d218bda,"п. Новочеркасск, наб. 40 лет Победы, д. 77 к. 7/7, 345154",07:00-23:00
53cbe7d2-b628-4953-869c-16f229132007,3156991b-b226-44e5-8c96-707e6d218bda,"1138 Fleming Light Suite 271, Lake Davidborough, DC 17251",08:00-21:00
4c5964c8-2dff-40b7-ae64-c6d2a59753a7,8ccaf509-16d1-4033-a2d4-1e59c6f603cf,"901 Andrew Center, North Linda, IA 18814",07:00-22:00
fa8e9e2d-2f96-4f66-a590-962ef8d97db5,8ccaf509-16d1-4033-a2d4-1e59c6f603cf,"0537 Rodriguez Radial, Parkerton, TX 74368",08:00-23:00
ce2ed831-c1ef-4e08-86e1-79f4e11fc85c,8ccaf509-16d1-4033-a2d4-1e59c6f603cf,"0078 Megan Flat, West David, NH 07636",09:00-22:00
f21e3f28-3da3-42e3-a1be-d6fe3ec4cd97,8ccaf509-16d1-4033-a2d4-1e59c6f603cf,"756 Williams Forge Apt. 668, Robinsonburgh, CT 20820",09:00-21:00
10a0b8c4-0dd1-40c0-94d7-f9645939dfde,8ccaf509-16d1-4033-a2d4-1e59c6f603cf,"81635 Brown Flats Apt. 804, New Kathrynview, PW 03771",08:00-22:00
e520357f-e7f4-4142-8272-b32dc8edfa29,8ccaf509-16d1-4033-a2d4-1e59c6f603cf,"06147 Williamson Cliff Apt. 833, Burnettborough, NY 32282",07:00-21:00
623011d3-7955-432c-b2e3-3f32254dc795,8ccaf509-16d1-4033-a2d4-1e59c6f603cf,"к. Лабытнанги, наб. Толбухина, д. 388 к. 86, 690046",09:00-21:00
9c643fbd-bdd6-425f-a9dc-2c743bb4309d,406f70da-4884-4056-b7c5-87d1842f3be5,"8139 Jeffery Dam, West Jacqueline, AR 06601",08:00-23:00
ddb5a6d1-4d3b-470d-a44f-2be4d07ba5bb,406f70da-4884-4056-b7c5-87d1842f3be5,"781 Gillespie Valleys, Gregorytown, CT 81074",07:00-23:00
9f0ceda0-ee3f-4fb7-bc74-bf31524b3ef6,406f70da-4884-4056-b7c5-87d1842f3be5,"с. Алапаевск, бул. Клары Цеткин, д. 16, 695918",08:00-22:00
4fc441dd-fb38-415f-bc79-24a1975fa0fd,406f70da-4884-4056-b7c5-87d1842f3be5,"п. Архыз, алл. Привокзальная, д. 8/2, 286219",09:00-22:00
f7f070ac-9607-4c77-9cec-f6679331bda7,406f70da-4884-4056-b7c5-87d1842f3be5,"8001 Petersen Tunnel, New Aprilstad, RI 63411",08:00-22:00
b6b4dcaa-b743-4f20-a6fc-531acc14a82f,406f70da-4884-4056-b7c5-87d1842f3be5,"4228 Sarah Vista, Staceyburgh, FL 36582",07:00-23:00
1f444035-9c8b-4983-aad3-03fa3940b323,ed0b58c2-b4af-4104-bae4-f77db5470f42,"7472 Adam Springs, Nicoletown, CT 25310",09:00-22:00
1295c0fb-2a2b-4d88-a3e2-86fb7a3e87ab,ed0b58c2-b4af-4104-bae4-f77db5470f42,"337 Rodney Parkways, West Brandon, DE 51101",07:00-23:00
20fc52cc-7267-4374-85d3-2d1c2d4c1b57,ed0b58c2-b4af-4104-bae4-f77db5470f42,"клх Назрань, ш. Ушакова, д. 4 стр. 945, 763050",09:00-23:00
beb3d32b-d535-47fc-a928-60824aacc44d,ed0b58c2-b4af-4104-bae4-f77db5470f42,"9701 Moreno Hollow, West Jamesburgh, WI 04551",07:00-22:00
e2684df6-0588-41ca-be44-8ba41c2eedc9,ed0b58c2-b4af-4104-bae4-f77db5470f42,"0490 Phelps Gardens Apt. 925, Kington, HI 72254",09:00-23:00
2cda4c74-b22f-4d92-a375-6b86fc974ce0,ed0b58c2-b4af-4104-bae4-f77db5470f42,"760 Randall Field, Bradleyberg, MO 04115",07:00-22:00
5600ba52-5913-44ba-be69-17ba1ed2d30e,e75159d8-e2bb-4edd-a662-e9bb2f012db3,"9676 Castillo Ranch Suite 464, Jeffside, AS 49464",09:00-21:00
74a5db2b-9384-4892-ac4f-5d99047e2c49,e75159d8-e2bb-4edd-a662-e9bb2f012db3,"45929 Thomas Branch Suite 485, East James, AK 21615",09:00-23:00
758ad0fe-1b54-45c1-8b82-356faad09848,e75159d8-e2bb-4edd-a662-e9bb2f012db3,"9040 Adam Causeway, Camposshire, NE 95080",09:00-21:00
54167b86-b8bc-4e9a-8ecc-4b08353f0a33,f09e2399-55c7-4aed-aac8-ae4b82497334,"к. Оймякон, алл. Панфилова, д. 9 к. 8/6, 729463",07:00-23:00
8bd32c54-7dd4-46bb-b02c-79ae8d51d789,f09e2399-55c7-4aed-aac8-ae4b82497334,"п. Осташков, ш. Космонавтов, д. 18 к. 730, 387830",07:00-23:00
fde0af1f-6b4c-48b9-a23b-f9e70521dae4,f09e2399-55c7-4aed-aac8-ae4b82497334,"с. Вендинга, алл. Димитрова, д. 278, 813552",08:00-21:00
634a8ba7-6839-48cf-b90f-690fc2ae3868,f09e2399-55c7-4aed-aac8-ae4b82497334,"к. Мончегорск, ш. Производственное, д. 6/8 к. 2/1, 679155",07:00-22:00
22432b62-61e5-4a19-898e-eaf3e72fce12,f09e2399-55c7-4aed-aac8-ae4b82497334,"57863 Larry Mountains Suite 281, Longport, MO 70438",09:00-21:00
3a2d0d65-fdbb-46b6-8d97-742f256f8f88,f09e2399-55c7-4aed-aac8-ae4b82497334,"5363 Steven Springs Apt. 641, Port Courtneyville, VA 99891",09:00-21:00
fe1621d8-ecd8-4755-b08a-86d644b47c1e,8baf7a2b-b0ba-4f86-aabc-67d6925e806c,"21957 Craig Summit Suite 545, New Kennethchester, MN 06273",09:00-21:00
fbd64d9b-80d2-4b9a-b953-44ce8b747cbb,8baf7a2b-b0ba-4f86-aabc-67d6925e806c,"г. Елец, ш. Виноградное, д. 32, 377235",07:00-23:00
27ae76d6-4796-4109-b727-02f667a64568,8baf7a2b-b0ba-4f86-aabc-67d6925e806c,"г. Гремячинск (Бурят.), бул. Азина, д. 6 к. 4/6, 207079",08:00-21:00
06bce25b-8605-4afc-99af-040b97142654,13567282-3637-41f9-8dec-6c2f0ee1e602,"Unit 3965 Box 4086, DPO AP 07200",09:00-22:00
6465a771-3436-4046-a97d-232fd8607e56,13567282-3637-41f9-8dec-6c2f0ee1e602,"ст. Павловский Посад, пер. Орловский, д. 83, 428004",09:00-21:00
21f7a84b-1f04-456f-99a9-a7449c47b91e,13567282-3637-41f9-8dec-6c2f0ee1e602,"г. Карачаевск, пр. Демьяна Бедного, д. 7 к. 35, 317387",09:00-23:00
88cf3a63-1aaa-4d55-bcb5-8bf012cdad9e,13567282-3637-41f9-8dec-6c2f0ee1e602,"п. Добрянка, пр. Подлесный, д. 7/1, 973713",08:00-23:00
573b402d-ccce-4ac2-ae0b-186a5bf8b4d1,13567282-3637-41f9-8dec-6c2f0ee1e602,"п. Певек, алл. Прибрежная, д. 494, 888254",07:00-21:00
42d6909f-2a0e-4e48-add8-4425a97c011d,13567282-3637-41f9-8dec-6c2f0ee1e602,"USNS Ibarra, FPO AA 43615",08:00-22:00
09dc3e3e-af1b-4751-9f80-2d255e9e401a,4a8a2d52-f10f-47b9-bfa5-8c5cae636572,"555 Tyler Village Suite 411, Kevinport, NV 73984",08:00-22:00
8c1d0fc3-c7f0-4d46-8e75-d21cbea7ef6a,4a8a2d52-f10f-47b9-bfa5-8c5cae636572,"896 Nicholas Parkway, Samanthachester, MH 27044",09:00-22:00
aad3c42a-0fb4-45fc-839a-f0be5faedbc4,4a8a2d52-f10f-47b9-bfa5-8c5cae636572,"с. Кемерово, бул. Родниковый, д. 1 стр. 140, 119078",09:00-21:00
2ac04d62-e0b1-44b8-88a7-1397064a4070,4a8a2d52-f10f-47b9-bfa5-8c5cae636572,"193 Kelsey Bridge Apt. 607, Deanport, AK 07358",07:00-21:00
484c3dc0-b9cc-4bab-8ced-2122bd7fce5a,4a8a2d52-f10f-47b9-bfa5-8c5cae636572,"с. Лабинск, ул. Украинская, д. 230, 189717",07:00-23:00
3214ed18-ea48-4d4d-aa98-b3d86b78f95e,10c0dd41-9abd-4024-bba3-9e63990fd4c1,"278 Johnson Creek Apt. 501, Port Robert, PW 37696",08:00-22:00
b67c085d-99db-4abe-93ef-b6a49d4d87ba,10c0dd41-9abd-4024-bba3-9e63990fd4c1,"02243 Amanda Lake Apt. 627, Chavezside, MP 18997",07:00-22:00
397cea6f-bb5c-4a33-8937-fd30bd96dc98,10c0dd41-9abd-4024-bba3-9e63990fd4c1,"42960 Pittman Bypass Apt. 794, Feliciatown, CA 68578",07:00-23:00
ca968c28-5a1a-4c14-880a-3425be5b9f4d,10c0dd41-9abd-4024-bba3-9e63990fd4c1,"318 Davis Parks, Priceton, ME 48691",08:00-21:00
dc9ba3e9-fa82-430a-9bb4-dc78ea5a2ad3,10c0dd41-9abd-4024-bba3-9e63990fd4c1,"с. Алдан, пер. Новоселов, д. 42 стр. 94, 998897",08:00-21:00
61e52ec3-6e88-4fb3-8fd0-a47260c99da4,10c0dd41-9abd-4024-bba3-9e63990fd4c1,"PSC 2786, Box 1077, APO AE 68403",09:00-23:00
caf26f9d-3e78-43cc-b1ea-db7f1e9d549f,10c0dd41-9abd-4024-bba3-9e63990fd4c1,"п. Славгород, наб. Тополиная, д. 100, 992192",09:00-22:00
f76c99e6-b1ff-4e89-b6e7-15d385c26738,7f88050a-601c-4989-a028-8f2e51072218,"43681 Kristina Ridge Suite 769, Angelafort, MS 84250",09:00-23:00
c2aaca72-5e33-4637-8076-3f92d5d0decb,7f88050a-601c-4989-a028-8f2e51072218,"ст. Юрюзань, наб. Высотная, д. 6 к. 90, 973417",07:00-23:00
5decae9c-e429-4894-8c79-90c2a5ddeb95,7f88050a-601c-4989-a028-8f2e51072218,"ст. Химки, пр. Достоевского, д. 918, 125049",09:00-23:00
fcb45413-009d-48f3-a9c1-037ebb5a8f1a,7f88050a-601c-4989-a028-8f2e51072218,"78976 Bowen Isle Suite 734, West Jeremy, TN 64222",08:00-21:00
32cb1c6d-bfe5-47cd-9b3e-14fd2ffe519b,9b51672c-7820-48ec-8c5c-93234e965f31,"PSC 3068, Box 4730, APO AA 94624",09:00-23:00
d9e3d8aa-34e7-44dd-9789-e98a32de8891,9b51672c-7820-48ec-8c5c-93234e965f31,"п. Урюпинск, пр. Болотный, д. 3, 552739",07:00-22:00
069316ac-5a41-4347-939f-d02f1f878e37,9b51672c-7820-48ec-8c5c-93234e965f31,"г. Невьянск, ш. Димитрова, д. 511 стр. 1, 646288",07:00-21:00
e6d37c1f-3910-45e3-a260-475c983503fb,9b51672c-7820-48ec-8c5c-93234e965f31,"г. Подольск, наб. Карьерная, д. 653, 710589",09:00-21:00
d6776bad-308b-4744-a82c-56c5741df9fc,9b51672c-7820-48ec-8c5c-93234e965f31,"д. Далматово, ул. Кузнецкая, д. 2 к. 66, 126631",09:00-21:00
f5526847-6186-4c45-9ac7-9ca817201654,9b51672c-7820-48ec-8c5c-93234e965f31,"п. Новгород Великий, ул. Элеваторная, д. 3 к. 692, 375202",08:00-21:00
a600f335-2ded-49d3-8985-d2981bfad8c6,9b51672c-7820-48ec-8c5c-93234e965f31,"ст. Энгельс, бул. Депутатский, д. 67 стр. 69, 876189",09:00-21:00
b3ab4733-c13d-4651-9dd8-efb5e93e3e4e,11075144-022f-4ff7-b113-d716243a4a08,"3970 Savannah Ford Apt. 778, Port Chloeburgh, NC 80750",09:00-22:00
af249d2d-cd0d-43fb-bc5e-fc1e6b8fad7f,11075144-022f-4ff7-b113-d716243a4a08,"93409 Carl Hills, Kimberlytown, DC 57480",09:00-23:00
64450766-3978-4644-b3de-cfdff00f2465,11075144-022f-4ff7-b113-d716243a4a08,"92686 Padilla Corners Apt. 429, Laceyview, MO 70923",07:00-22:00
ba0bafb6-79ce-4f51-9a9a-82ab1b4ea32a,11075144-022f-4ff7-b113-d716243a4a08,"с. Оймякон, ул. Абрикосовая, д. 2, 092946",08:00-22:00
2a41f0d8-034c-4939-bb48-7d977407a6a3,11075144-022f-4ff7-b113-d716243a4a08,"USS Hart, FPO AP 27111",07:00-22:00
5d9078b2-4934-49a9-8278-3e039cbdf914,11075144-022f-4ff7-b113-d716243a4a08,"558 James Glen Apt. 742, New Stacey, NV 90129",09:00-23:00
6ca3cd1c-8946-4112-b59b-50b4bf832981,11075144-022f-4ff7-b113-d716243a4a08,"560 Conway Track, Robertsside, NV 58390",07:00-21:00
ae809e51-f45c-41ad-b323-ab9c3109aee4,71b76884-732a-4ce6-afb7-24a30c9530ff,"45501 Sherman Square Apt. 526, Alexberg, VA 99388",08:00-21:00
b00b245e-df05-4036-a0cd-5933908f431f,71b76884-732a-4ce6-afb7-24a30c9530ff,"п. Сальск, ул. Славянская, д. 1/9 стр. 2/5, 007803",07:00-21:00
b7d4ed20-76bc-4c48-ac44-6fa2dfc645e9,71b76884-732a-4ce6-afb7-24a30c9530ff,"4465 Estes Mews, West Donald, FM 64205",07:00-22:00
6fbb896e-48df-440a-8f9e-ae56d067c2e5,71b76884-732a-4ce6-afb7-24a30c9530ff,"г. Нурлат, ул. Разина, д. 4/5, 764953",09:00-23:00
08f110c0-b962-4500-8ed0-9ecd46d34eec,71b76884-732a-4ce6-afb7-24a30c9530ff,"891 Melanie Falls, North Lawrence, DC 98176",07:00-22:00
4f706b2d-953a-4574-925c-4f601eb76a93,2f151ad0-fa24-4a1c-879a-8c3a44b9ff32,"59354 Suzanne Fort Apt. 276, New Scott, FL 34958",09:00-23:00
4ecc14cc-6d9c-47a0-ab9b-bfa6bd3e46e1,2f151ad0-fa24-4a1c-879a-8c3a44b9ff32,"597 Kimberly Spring Suite 593, South Jamesville, CA 34371",07:00-21:00
5951b3b5-9897-435f-b428-89e840164f2b,2f151ad0-fa24-4a1c-879a-8c3a44b9ff32,"3150 Williams Shore, Walkerberg, WI 59957",08:00-23:00
045e54e2-809f-42aa-9f06-f05eaf7ec26c,2f151ad0-fa24-4a1c-879a-8c3a44b9ff32,"с. Сорочинск, ул. Гагарина, д. 38 стр. 1, 953809",08:00-21:00
84f1c11f-13c1-4e1f-ae8f-0c9eddbb8606,2f151ad0-fa24-4a1c-879a-8c3a44b9ff32,"5560 Charles Burg Apt. 206, Harrisstad, PW 71089",08:00-23:00
926ad0da-cd24-49e8-a34e-7d6615e89982,2f151ad0-fa24-4a1c-879a-8c3a44b9ff32,"клх Адыгейск, ш. Дачное, д. 1 к. 6, 117305",09:00-22:00
fdbe1ae4-1055-4b21-94be-4156a807ceb9,2f151ad0-fa24-4a1c-879a-8c3a44b9ff32,"ст. Дзержинск, алл. Линейная, д. 1 стр. 84, 969855",09:00-21:00
5d9ac460-74fb-4f52-b3e9-01e6300afc9b,8979faf0-32a5-48cd-880d-8c0789ae3bd7,"1641 Glover Common Apt. 389, North Daniel, ME 73381",08:00-23:00
d8db87bb-b17e-4471-8596-71b1c748783d,8979faf0-32a5-48cd-880d-8c0789ae3bd7,"с. Ардон, наб. Малиновая, д. 1/8 к. 71, 403254",07:00-22:00
49abc8ee-115c-4016-ba8e-8b1ec276e26a,8979faf0-32a5-48cd-880d-8c0789ae3bd7,"клх Гдов, бул. Щетинкина, д. 37 стр. 2/7, 736498",07:00-23:00
289257cd-989c-4891-85c0-b18330725a92,8979faf0-32a5-48cd-880d-8c0789ae3bd7,"8182 James Greens Suite 285, Reyesside, VT 68388",07:00-23:00
0150a46b-fe95-48ff-ba52-e81fd1e3c64b,8979faf0-32a5-48cd-880d-8c0789ae3bd7,"клх Нефтекамск, бул. Тельмана, д. 3 стр. 2, 464939",08:00-22:00
115d8206-8746-4491-b021-a7c96311c415,8979faf0-32a5-48cd-880d-8c0789ae3bd7,"п. Щельяюр, ул. М.Горького, д. 12, 618587",08:00-22:00
664ae9c1-414a-4ea6-8d89-b1c8dc405221,11a657b2-6962-448e-910b-b250ed6924cb,"1608 Monica Roads, Port Derekshire, AZ 87959",08:00-23:00
d5bb3b2d-5475-4e5d-8207-51563d483835,11a657b2-6962-448e-910b-b250ed6924cb,"PSC 9236, Box 4700, APO AE 14247",09:00-22:00
df7e8b4f-11ac-4e51-938b-1af903506837,11a657b2-6962-448e-910b-b250ed6924cb,"246 Alex Highway, Edwinshire, KY 81122",08:00-22:00
bb31c227-09f3-4af9-8e95-65198e4c38c8,11a657b2-6962-448e-910b-b250ed6924cb,"263 Tucker Knoll, Gonzalesfurt, OK 44370",09:00-22:00
baad8bf9-9ca9-4499-8797-ec7819d08095,39d47c49-016d-4ecb-858b-9ee1367b59ec,"Unit 3832 Box 0434, DPO AE 86841",07:00-23:00
7a324772-e189-4541-a599-b739914c5a12,39d47c49-016d-4ecb-858b-9ee1367b59ec,"PSC 4165, Box 7981, APO AP 42370",08:00-21:00
2adbe392-d7d4-48d7-97e6-2b9b9665f7cb,39d47c49-016d-4ecb-858b-9ee1367b59ec,"47060 Cameron Landing Apt. 106, New Raymondside, MD 89049",07:00-23:00
3206ee54-b5e7-4f01-a588-1ba7c0d2ae93,d503aab8-b4c2-45b5-b6c5-46dc40c1f4a7,"7320 Townsend Lights Suite 296, West William, VT 27719",09:00-23:00
70d3c3ce-7cc5-4ff2-9470-62c996f43d81,d503aab8-b4c2-45b5-b6c5-46dc40c1f4a7,"350 Michael Mission, East Ashleyville, IA 26186",07:00-21:00
2fad26fc-7fa9-435e-bf33-429c50bb4a6d,d503aab8-b4c2-45b5-b6c5-46dc40c1f4a7,"с. Карабудахкент, ш. Омское, д. 755 стр. 7/3, 103214",07:00-22:00
7986c74d-15a1-4a44-8cc8-fd025c921b0d,d503aab8-b4c2-45b5-b6c5-46dc40c1f4a7,"718 Gutierrez Hills Apt. 263, North Melissaville, RI 99046",07:00-23:00
73fc8516-8bb5-4815-8b9c-9faa9ea225a3,d503aab8-b4c2-45b5-b6c5-46dc40c1f4a7,"9542 Brett Rest Apt. 534, West Bryan, MA 60655",09:00-22:00
b54a7297-5b81-4cea-98d1-0bcb0817911f,d503aab8-b4c2-45b5-b6c5-46dc40c1f4a7,"д. Адлер, бул. Тульский, д. 76 стр. 6/7, 154464",08:00-23:00
e9461cf1-aa6e-4b71-801d-0389c8f630be,d503aab8-b4c2-45b5-b6c5-46dc40c1f4a7,"п. Каменск-Уральский, пр. 40 лет Октября, д. 76 стр. 6, 075886",09:00-22:00
829c0903-6fe5-47fd-a39a-dc81d2824e19,d503aab8-b4c2-45b5-b6c5-46dc40c1f4a7,"п. Елец, наб. Фрунзе, д. 2/9 к. 744, 221062",08:00-23:00
d520a2a1-8e8e-4355-a797-7ead7dd20a1f,8ec2104b-4cd8-419b-b32b-5dcf885c7f3e,"406 Marcus Mill, Josephstad, IN 65900",07:00-22:00
ceabdbc0-53e5-4ce2-8255-f6cff7e4d433,8ec2104b-4cd8-419b-b32b-5dcf885c7f3e,"г. Амурск, бул. Азовский, д. 1 к. 656, 714636",07:00-22:00
9c011376-8371-4eed-ba02-8b6c262d7d38,8ec2104b-4cd8-419b-b32b-5dcf885c7f3e,"п. Братск, наб. Красных Партизан, д. 32, 453017",07:00-23:00
df4d1fb3-7349-4f77-b821-3421cfd74fdf,8ec2104b-4cd8-419b-b32b-5dcf885c7f3e,"7481 Garner Fort Apt. 533, New Claudia, NY 91051",08:00-23:00
14ae10a3-5e34-4c6a-baf2-a60db060fc74,8ec2104b-4cd8-419b-b32b-5dcf885c7f3e,"к. Ведено, ш. Фурманова, д. 4, 855956",09:00-21:00
85591318-f501-4a52-82df-b0745418ad7a,2b235321-c860-4414-a70a-bd532edfd1fa,"04646 Thomas Creek Suite 462, Nelsonport, NM 72106",07:00-23:00
545af5ed-50a7-4d78-9b80-fa3263d4873a,2b235321-c860-4414-a70a-bd532edfd1fa,"клх Яшалта, ул. Братская, д. 54 стр. 7/5, 114386",08:00-21:00
8bb05492-abca-45d1-bdb5-8efd67543e77,2b235321-c860-4414-a70a-bd532edfd1fa,"г. Малгобек, алл. Белинского, д. 280 стр. 1/2, 264302",08:00-22:00
50fc4376-2036-4e87-929e-9c127e78e174,2b235321-c860-4414-a70a-bd532edfd1fa,"6682 Mindy Creek, Ellisview, CO 61022",08:00-21:00
b975c85c-76f6-4330-a235-f4c474c858b2,2b235321-c860-4414-a70a-bd532edfd1fa,"к. Костомукша, ш. Николаева, д. 324 стр. 6, 598663",08:00-21:00
dccb3f56-1083-49b1-a1f6-f4a9be7c5e08,341da53a-cbac-4762-8107-1b3961bf1259,"г. Токма, алл. Автомобилистов, д. 30, 260008",07:00-22:00
c3ce40cd-9926-47e7-abb3-3548fd594fd4,341da53a-cbac-4762-8107-1b3961bf1259,"8782 Lambert Estates Suite 747, Christinaland, AK 31056",07:00-22:00
d0b67cb2-27f3-4079-82f3-f9874359c3c4,341da53a-cbac-4762-8107-1b3961bf1259,"40290 Anna Knolls, West Karen, FM 51281",07:00-21:00
0eab5181-e8ec-4821-9e22-49ef333b6e51,341da53a-cbac-4762-8107-1b3961bf1259,"Unit 8158 Box 8728, DPO AA 19873",07:00-22:00
4516e5fd-5822-4a3a-8747-2d5618cedcd4,341da53a-cbac-4762-8107-1b3961bf1259,"д. Сальск, алл. Главная, д. 6/5, 202866",07:00-22:00
79d92b84-45c1-471b-a379-1b68d5b973bd,341da53a-cbac-4762-8107-1b3961bf1259,"г. Егорьевск, алл. Минская, д. 346 стр. 72, 079158",08:00-22:00
cb08e9cd-2804-44e0-8e8d-ba9368a2aefb,341da53a-cbac-4762-8107-1b3961bf1259,"клх Джейрах, алл. Поперечная, д. 4/6 стр. 844, 472458",08:00-23:00
9aeb168a-af69-4c4e-8d9d-4044e129ac6b,e7e179b9-0a9c-4946-8a12-744cdfbbfd21,"клх Ярославль, пр. Ставропольский, д. 9/2 стр. 4/6, 347024",08:00-21:00
a0d4e854-012a-488e-98a7-fd1092631a5e,e7e179b9-0a9c-4946-8a12-744cdfbbfd21,"п. Салехард, алл. Щербакова, д. 2, 900450",07:00-23:00
743e1222-6b08-4c28-b939-a2076506aa9a,e7e179b9-0a9c-4946-8a12-744cdfbbfd21,"г. Пинега, алл. Гражданская, д. 18 к. 8/2, 993412",09:00-22:00
a19dd85b-0fd0-45a4-9a8b-351c857a9052,e7e179b9-0a9c-4946-8a12-744cdfbbfd21,"PSC 9963, Box 4553, APO AE 30225",07:00-23:00
67e7ed22-6fef-4e95-a031-44ce2a03ab95,e7e179b9-0a9c-4946-8a12-744cdfbbfd21,"7600 Steven Cove, New Nancyville, DC 44919",08:00-22:00
519c07fc-040e-4a5b-8256-ac87cae5e0b7,e7e179b9-0a9c-4946-8a12-744cdfbbfd21,"434 Baxter Summit, Judyland, WA 07815",07:00-21:00
a3c667fb-5e66-4770-b5c3-04d14ed7f4ca,e7e179b9-0a9c-4946-8a12-744cdfbbfd21,"клх Уварово, пер. Свердлова, д. 8, 687682",09:00-22:00
e6dc2d23-8c91-4b71-acde-83c3d33923a8,e7e179b9-0a9c-4946-8a12-744cdfbbfd21,"4370 Baker Locks Suite 000, Alvaradoberg, ID 11993",07:00-23:00
2dd49636-45ae-4085-a99d-8bc0d2cc9e8b,0cf0c347-1dbe-4a4b-9309-a9f64dd31cd3,"118 Johnson Mall, Monroeville, TX 32719",07:00-23:00
89df0aef-c246-4158-ae47-109d0388d306,0cf0c347-1dbe-4a4b-9309-a9f64dd31cd3,"клх Дзержинск, ул. Нижняя, д. 95 к. 186, 227494",08:00-22:00
31ae44df-285e-4516-a122-64b6bc5d4ae0,0cf0c347-1dbe-4a4b-9309-a9f64dd31cd3,"г. Калуга, наб. Свободы, д. 3/5 к. 1/3, 168739",09:00-21:00
17dc1f0d-bf9b-4ce4-a468-038fdfdf8724,0cf0c347-1dbe-4a4b-9309-a9f64dd31cd3,"150 Alyssa Loaf, Christopherport, WA 98406",08:00-23:00
aecedad2-1741-46f0-9e3e-2e60ec662400,ef6f1a52-0aaf-4466-b8b4-4c0caa3fee85,"01914 Raymond Tunnel Apt. 536, North Erin, ME 11218",07:00-23:00
a2ef4cc2-c8cc-4a6f-9718-e432a2c18f6d,ef6f1a52-0aaf-4466-b8b4-4c0caa3fee85,"г. Кизел, ш. Тенистое, д. 608 стр. 8, 305248",08:00-23:00
0e95c049-2f05-4466-ba1f-f1f967e7a006,ef6f1a52-0aaf-4466-b8b4-4c0caa3fee85,"17772 Gregory Circle, Patriciahaven, NY 77809",09:00-22:00
2ec254ae-8b9f-41f6-9b7c-f64b00431ab2,ef6f1a52-0aaf-4466-b8b4-4c0caa3fee85,"ст. Оленек, бул. Моховой, д. 7/3 к. 5, 705445",09:00-22:00
04229ae4-97a8-4dc6-8a98-41e5dc1388be,35b7ba0a-2179-48d3-82b9-a857debd5548,"120 Anthony Island, East Dana, HI 37068",08:00-22:00
588d76da-f491-48ba-8d2b-73c4a4f72067,35b7ba0a-2179-48d3-82b9-a857debd5548,"ст. Листвянка (Иркут.), бул. Путевой, д. 518 к. 646, 083485",08:00-22:00
f74aa71f-f9cb-4334-84fe-80779428ab55,35b7ba0a-2179-48d3-82b9-a857debd5548,"404 Andrea Knoll Apt. 117, Port Cristinaside, KY 89079",08:00-21:00
49c5577f-cf0c-4ec9-9e14-0ac80529e31f,35b7ba0a-2179-48d3-82b9-a857debd5548,"817 Daniel Rapids, Brittanyland, MN 23613",08:00-23:00
2850446a-d5a7-4098-bc24-399ee7d77470,bc5421bc-70ec-4191-8f71-31f1da83c5b3,"с. Солнечногорск, алл. Дружбы, д. 5 стр. 2/1, 836942",07:00-23:00
7e4fe888-f2cb-44ec-842e-34b1f4536baa,bc5421bc-70ec-4191-8f71-31f1da83c5b3,"клх Усть-Баргузин, ул. Котовского, д. 77, 806975",08:00-21:00
26871cfd-8787-4bee-b854-aefd97afd6aa,bc5421bc-70ec-4191-8f71-31f1da83c5b3,"д. Югорск, наб. Космическая, д. 847, 573860",09:00-22:00
33fa611d-0ea4-43da-a4a2-90dbb550391d,bc5421bc-70ec-4191-8f71-31f1da83c5b3,"с. Бугульма, пер. Тепличный, д. 57, 156022",07:00-23:00
291c346a-32f6-4b05-99d8-b25592d6cabc,238eaa35-193f-40ce-9ae0-d04550b09b79,"48737 Fitzgerald Land, Brownfurt, TX 86420",09:00-21:00
9cfd59ef-b90f-47cb-89f2-ae9011883776,238eaa35-193f-40ce-9ae0-d04550b09b79,"г. Партизанск, наб. 60 лет Октября, д. 7/5 стр. 660, 254029",09:00-21:00
99d91de0-a0b8-4030-b490-74c158340e03,238eaa35-193f-40ce-9ae0-d04550b09b79,"6864 Williams Burg, New Loretta, FL 54906",09:00-23:00
dcc49e02-877f-43fd-a7b6-d20c32d434c9,238eaa35-193f-40ce-9ae0-d04550b09b79,"п. Уфа, ш. Фестивальное, д. 53, 189754",09:00-22:00
19e17a32-ef08-4691-97de-fc275f1f367d,238eaa35-193f-40ce-9ae0-d04550b09b79,"г. Новосибирск, наб. Нефтяников, д. 7/8 стр. 517, 453079",09:00-21:00
ab5f83b1-62f2-4f31-bf9e-7a24c0b7c558,238eaa35-193f-40ce-9ae0-d04550b09b79,"547 Perez Shores, Crystalchester, WY 70729",08:00-22:00
cf2a601b-82f2-4163-ae13-3279119bec1b,238eaa35-193f-40ce-9ae0-d04550b09b79,"3760 Brian Squares, East Johnside, ND 12221",07:00-23:00
b01c9c7a-99d5-4398-8485-0c6e554e8f55,238eaa35-193f-40ce-9ae0-d04550b09b79,"253 April Ville Suite 727, Fitzgeraldmouth, AR 17495",08:00-21:00
1a322b1f-4b1e-4479-8736-f669d1fa4643,544c9e8b-6325-457d-96a4-c8e7dbf9d2df,"к. Черкесск, пр. Петровский, д. 46 стр. 2/8, 305597",09:00-23:00
2d62af59-8895-4e55-b240-bf6a5d20e13c,544c9e8b-6325-457d-96a4-c8e7dbf9d2df,"112 Clements Pine Suite 700, North Jonathanstad, PA 20524",09:00-22:00
19c0e46c-1ceb-4906-8961-5f323cfd6476,544c9e8b-6325-457d-96a4-c8e7dbf9d2df,"24564 Kidd Greens, Anthonyton, OK 52200",07:00-23:00
7f059059-4ed6-4220-b1e0-a832fe934f17,544c9e8b-6325-457d-96a4-c8e7dbf9d2df,"п. Байкальск, наб. Авиационная, д. 9 стр. 19, 266799",07:00-21:00
5593b54e-4e79-47b7-a5eb-c037b1cec932,05cda813-685e-456d-990b-0009eb610aaf,"150 Moses Dam Apt. 670, West Alexis, RI 57757",09:00-21:00
4e18791b-4d1c-40c1-af0f-22d7bb2a0043,05cda813-685e-456d-990b-0009eb610aaf,"862 Dennis Brook Apt. 524, Lake Briannaside, WI 82849",09:00-22:00
aecd6167-7322-4763-ad10-e57c16b08597,05cda813-685e-456d-990b-0009eb610aaf,"ст. Джубга, пр. Кирова, д. 686 стр. 37, 826598",08:00-23:00
b24898c5-dbe0-4e58-a406-805ac1ecb2ac,05cda813-685e-456d-990b-0009eb610aaf,"8254 Megan Orchard Suite 374, West Lisa, KY 43758",09:00-23:00
db2a9b2d-c779-4c4b-b4b9-bc13449b7eb8,05cda813-685e-456d-990b-0009eb610aaf,"к. Шелехов, бул. Радужный, д. 97, 960982",09:00-21:00
fe9666fd-82f3-4e92-ac6e-2a353d4028fd,05cda813-685e-456d-990b-0009eb610aaf,"110 Haney Stream, Ashleyland, WV 81272",09:00-21:00
8444d775-5d05-456f-95ce-ad42be7a8be8,81bbaa12-5076-4c65-98f5-f366b3b1d8c3,"545 Martinez Forge, Webbside, NE 30006",09:00-22:00
bbf21238-4be9-4fb1-b467-c7fa23d0370c,81bbaa12-5076-4c65-98f5-f366b3b1d8c3,"п. Хабаровск, бул. Машиностроителей, д. 4/8 к. 54, 300074",08:00-22:00
33829269-8132-4920-b864-03cb173708e8,81bbaa12-5076-4c65-98f5-f366b3b1d8c3,"с. Ишим, ш. Надежды, д. 906 стр. 766, 660852",08:00-23:00
1785ddf3-b380-4a93-ac1a-29fc6958ffe6,81bbaa12-5076-4c65-98f5-f366b3b1d8c3,"64225 Felicia Hills, New Charlesville, MA 33638",07:00-21:00
9b114f68-4c68-47d0-8fbb-4993d557a35a,910de28b-5a4c-457e-84bb-579db5885239,"8807 Matthew Port, North Carolynville, WI 52705",09:00-23:00
2aca9bf1-0b35-4027-8848-de5609ca0b9e,910de28b-5a4c-457e-84bb-579db5885239,"USNV Bennett, FPO AE 97196",07:00-23:00
12bf6535-8dff-47fb-854e-ba18376c2373,910de28b-5a4c-457e-84bb-579db5885239,"53982 Johnson Manor, East Deanport, SC 22970",08:00-21:00
6f682b67-c7e1-4e0a-b3ac-74bb278bfaae,910de28b-5a4c-457e-84bb-579db5885239,"к. Архыз, пр. Шахтерский, д. 21 к. 87, 619581",08:00-23:00
1f9992cc-6785-46de-a293-d997bac95fd3,910de28b-5a4c-457e-84bb-579db5885239,"с. Тура, ул. З.Космодемьянской, д. 792, 337381",09:00-23:00
df807c07-3202-46ad-aa00-3e5edb0ed40f,d65d279c-a9cd-4d90-91d2-8b5e05305cc1,"д. Сургут (Хант.), алл. Механизаторов, д. 8 к. 9, 104404",08:00-22:00
9d93c47b-a0ed-4a6a-9f62-fc24c5d52e38,d65d279c-a9cd-4d90-91d2-8b5e05305cc1,"0195 Kimberly Ferry, New Kathleenberg, WA 45724",09:00-22:00
6b5a02f0-937d-44d7-b901-e203efb71107,d65d279c-a9cd-4d90-91d2-8b5e05305cc1,"клх Горно-Алтайск, ш. 9 Января, д. 312 к. 3, 925339",09:00-21:00
fad1d4b9-b22d-4668-bbb0-c6a9636ab82e,d65d279c-a9cd-4d90-91d2-8b5e05305cc1,"8274 Krause Locks Apt. 558, East Michelle, UT 89916",07:00-22:00
55597e3e-fd20-4b18-a374-3b4c5d795336,d65d279c-a9cd-4d90-91d2-8b5e05305cc1,"6933 Eric Ridges Apt. 878, Aaronville, VI 82027",08:00-23:00
c5a8cc6a-eabf-4bf0-a9a0-94718b7b6d5c,d65d279c-a9cd-4d90-91d2-8b5e05305cc1,"клх Петушки, пер. Братский, д. 7 к. 8/8, 296015",07:00-21:00
682ea24b-2dbf-4c14-a6ab-2a6d300181bf,d65d279c-a9cd-4d90-91d2-8b5e05305cc1,"к. Моздок, ул. Шишкина, д. 7, 219826",08:00-23:00
b48a60a7-2386-4845-bcfb-5c98f23e89ee,e159b581-ad76-4193-ae52-419a1d8277b7,"2622 Joseph Ford Apt. 432, Evansview, NC 70819",08:00-22:00
af6ebb23-0ce2-47aa-ac27-0cbab851bfa1,e159b581-ad76-4193-ae52-419a1d8277b7,"клх Богучар, пер. Парковый, д. 312 стр. 5, 108918",09:00-21:00
c184ef20-e782-4122-b3ae-8b841ccd2239,e159b581-ad76-4193-ae52-419a1d8277b7,"ст. Кемерово, ш. Тихое, д. 2, 505361",07:00-23:00
da2d14eb-b2e1-4a47-bc7e-6e64d824f081,e159b581-ad76-4193-ae52-419a1d8277b7,"ст. Калуга, алл. Фурманова, д. 23 к. 602, 918571",08:00-22:00
2340c74e-d225-4fed-a702-df001855bb73,e159b581-ad76-4193-ae52-419a1d8277b7,"80985 Melanie Mountain Apt. 844, Lake Dylanport, CA 28491",08:00-21:00
98483f68-d940-4e08-9b5c-628f79ff54c4,981b0b65-d1ca-4a24-81d1-50cf1142ef7c,"PSC 7422, Box 2079, APO AE 67320",09:00-23:00
74c4a9a3-0673-43ec-afa1-52b1320c2e2f,981b0b65-d1ca-4a24-81d1-50cf1142ef7c,"д. Хасан, наб. Деповская, д. 23 к. 2, 873460",08:00-22:00
c60cac60-2934-4057-863e-4fd68babc9d6,981b0b65-d1ca-4a24-81d1-50cf1142ef7c,"г. Калачинск, пр. Колхозный, д. 20 к. 11, 933558",09:00-22:00
c108a2e0-ec1a-4d05-8f8e-61afc6953ab0,981b0b65-d1ca-4a24-81d1-50cf1142ef7c,"506 Jones Fields, Port Lauramouth, IA 53408",07:00-23:00
69527e1a-3a0e-49a5-acee-c8809c047cc5,981b0b65-d1ca-4a24-81d1-50cf1142ef7c,"5654 Jennifer Walk, Lake Jesse, CA 14098",08:00-22:00
178ede3d-4440-4fd5-9f53-44f2cb5f6ab3,981b0b65-d1ca-4a24-81d1-50cf1142ef7c,"5411 Lopez Valley Apt. 809, Lake Rebeccatown, ND 04354",07:00-23:00
904f8262-b0ec-4798-ba29-c7693da76ad0,981b0b65-d1ca-4a24-81d1-50cf1142ef7c,"168 Allen Garden, Villahaven, OK 03239",09:00-22:00
42fd8721-0c15-414c-a807-a11d6576e3a4,94d98933-aa80-48f6-b496-010b25a8db4d,"1916 Bennett Plains, Matthewberg, OR 17665",08:00-23:00
a258070f-18ff-4e3f-b947-04db11f861bb,94d98933-aa80-48f6-b496-010b25a8db4d,"6934 Alejandro Trail Apt. 238, Annafort, ND 12632",07:00-22:00
6f74c17e-8b21-4a4f-8ded-22f779cdab4f,94d98933-aa80-48f6-b496-010b25a8db4d,"6611 Alexis Spring Suite 622, East Johnland, KY 45006",08:00-23:00
01a61813-8e0a-4143-b4ec-8cfe79e5a50d,cacf7354-25e2-403a-bdc9-668930874ed9,"д. Рубцовск, ул. Рылеева, д. 3/4 стр. 9, 371671",07:00-23:00
dc73e007-59af-41e8-bcb3-35ddedb9edd8,cacf7354-25e2-403a-bdc9-668930874ed9,"п. Городовиковск, пер. Лесозаводский, д. 9, 200626",07:00-23:00
e1b39941-1d40-4019-b3b1-25997d1f09c5,cacf7354-25e2-403a-bdc9-668930874ed9,"к. Верещагино (Перм.), ш. Локомотивное, д. 8, 681828",09:00-22:00
1c5c84e0-02c1-426e-b384-cebd396a1492,cacf7354-25e2-403a-bdc9-668930874ed9,"718 Jessica Locks Suite 285, West Tinaport, GU 08058",08:00-22:00
03fc97e8-0807-408f-88f3-dde2077111ca,2a65e3bb-e7fa-4a98-b4ca-11073658f217,"1435 Melissa Circle Apt. 132, South Jamesbury, ND 47451",08:00-22:00
4168699b-69be-4f78-b7c5-2cf343de8e90,2a65e3bb-e7fa-4a98-b4ca-11073658f217,"п. Кетченеры, наб. Ульянова, д. 2/5 стр. 123, 177794",08:00-23:00
40a5d735-cda1-45fd-b843-0260b0d27133,2a65e3bb-e7fa-4a98-b4ca-11073658f217,"965 Lambert Freeway Apt. 434, Lake Patriciaberg, AK 14911",07:00-22:00
6e7a9463-6b0f-4380-9919-e0dc90e29c06,2a65e3bb-e7fa-4a98-b4ca-11073658f217,"661 Hernandez Valley, Johnsonbury, ID 72169",09:00-21:00
58c29cea-4f23-4263-a5b8-c06662b06b8e,2a65e3bb-e7fa-4a98-b4ca-11073658f217,"п. Двинской, бул. Тамбовский, д. 45 стр. 280, 331303",09:00-21:00
42ec63ca-a238-4327-8bf0-58397185fb8c,2a65e3bb-e7fa-4a98-b4ca-11073658f217,"360 Samuel Ports, Kristinaside, ME 08379",07:00-23:00
602a93c3-09de-4ea3-a989-1922d649d85a,b586ba74-c43d-497c-b23a-ad917f2b19fa,"1222 Lori Street Apt. 503, Gonzalezton, ND 98067",08:00-21:00
c5cf265d-3253-49d7-a7ae-df1e06093ef7,b586ba74-c43d-497c-b23a-ad917f2b19fa,"д. Карабудахкент, бул. Осенний, д. 404 к. 3, 819498",08:00-21:00
50ba6fe8-f471-48e2-ab56-fb8575568755,b586ba74-c43d-497c-b23a-ad917f2b19fa,"п. Сунтар, пр. Заливный, д. 587 к. 386, 676868",07:00-22:00
d131d8fe-8322-431c-a668-1a2de87cbaef,b586ba74-c43d-497c-b23a-ad917f2b19fa,"д. Всеволожск, пр. Гончарова, д. 74 к. 6, 113531",08:00-23:00
9ab36a60-7f2a-41c7-bced-d80e377508ce,49c6a9ae-1141-4878-aa17-ec43173e11e2,"34490 Amber Turnpike, Torreshaven, DC 11770",09:00-21:00
18ab308c-555c-4ef5-8ec1-19f2112afc95,49c6a9ae-1141-4878-aa17-ec43173e11e2,"780 Brian Ridge, East Lisaside, NJ 06306",08:00-21:00
be542af5-f4b7-455f-80d0-ed1e5bffe3d1,49c6a9ae-1141-4878-aa17-ec43173e11e2,"26936 Gabriella Green, South Natalieview, ND 62877",09:00-21:00
ee7c6d8a-c45b-43a5-be32-796cbed1d5ce,49c6a9ae-1141-4878-aa17-ec43173e11e2,"PSC 8612, Box 7525, APO AP 55371",09:00-22:00
a548c192-d1f7-4fe4-8b64-912cba143de4,49c6a9ae-1141-4878-aa17-ec43173e11e2,"с. Лесной (Сверд.), пр. Дзержинского, д. 438 к. 43, 421351",08:00-23:00
87fa1ff8-fcd6-4ced-a04b-ed715955f9b7,230fc1ee-7623-48b2-b840-ee7e8747b60c,"4596 Gomez Mission Apt. 628, South Garyport, WA 50029",08:00-22:00
a1f7adf2-3b69-4d43-aba9-c3eeaa23bd4e,230fc1ee-7623-48b2-b840-ee7e8747b60c,"32426 Julie Square Suite 608, Johnsonfurt, WI 42837",09:00-22:00
7bf7a6c4-e6d9-4ff4-a782-c6f33e3ca554,230fc1ee-7623-48b2-b840-ee7e8747b60c,"г. Юрьевец (Иван.), бул. Виноградный, д. 2 стр. 6/2, 352885",07:00-22:00
58348273-ed2d-435e-993f-00c1af42a448,230fc1ee-7623-48b2-b840-ee7e8747b60c,"644 Davis Grove, West Kerryfurt, AL 10099",07:00-21:00
20ade8db-8547-43de-85ad-2f6aee6d4f66,11d63519-6e9f-4891-b750-6959db273a3a,"ст. Тында, алл. Тепличная, д. 7 стр. 3, 095618",09:00-21:00
dff1a332-e7e8-4bee-b40b-ab38a55374a2,11d63519-6e9f-4891-b750-6959db273a3a,"827 Bates Skyway, Lake Dan, KY 14456",09:00-22:00
d7d76a5f-446a-4d12-bd85-ba4efd3102ab,11d63519-6e9f-4891-b750-6959db273a3a,"с. Глазов, пр. Покровский, д. 8/7 к. 7, 486588",08:00-22:00
ddeac962-9488-4f8c-aae7-bf4a415b4752,11d63519-6e9f-4891-b750-6959db273a3a,"клх Северодвинск, пер. Овражный, д. 9 стр. 6, 402510",09:00-22:00
0b8044fd-b3e5-491f-8940-3c52362909c8,1807070d-8f80-4a79-9d1a-84532b921c55,"USCGC Kelley, FPO AA 20699",07:00-21:00
4fbd4461-0aa3-4bf7-8004-d89e043399a9,1807070d-8f80-4a79-9d1a-84532b921c55,"с. Махачкала, наб. 40 лет Октября, д. 677 к. 1/4, 540528",09:00-23:00
f14f480e-aeed-43e3-84ea-bbaa533dcf62,1807070d-8f80-4a79-9d1a-84532b921c55,"д. Пышма, ш. Орджоникидзе, д. 7/6 стр. 9, 649289",08:00-22:00
1c63a8eb-fbe0-4418-8905-5ee16bc8867b,223177c6-4989-4b39-9c6f-cf8fb665fa66,"ст. Лагань, алл. Буденного, д. 603 к. 14, 757456",07:00-22:00
efd3a40a-e190-4f10-b4b0-a9d3a98bfb46,223177c6-4989-4b39-9c6f-cf8fb665fa66,"0226 Foster Terrace Suite 966, Lake Troyburgh, KY 65315",08:00-23:00
f45bce6e-b4c3-4315-92d0-ca22bb6e3b67,223177c6-4989-4b39-9c6f-cf8fb665fa66,"84269 John Lodge Apt. 939, Woodhaven, IL 46599",08:00-21:00
acd6ae81-d66c-44fb-aa8a-71594e7ac677,223177c6-4989-4b39-9c6f-cf8fb665fa66,"клх Беломорск, ул. Пролетарская, д. 611 к. 83, 064102",07:00-21:00
f749e074-a13a-4be9-9365-20d55dccd6c3,223177c6-4989-4b39-9c6f-cf8fb665fa66,"п. Одинцово, бул. Балтийский, д. 1 к. 5, 256236",07:00-22:00
8d578051-d890-4278-b104-7f69557f5486,b4d058c9-e0a0-4627-9fec-e598c2822c01,"208 Cook Pass Apt. 523, New Jennifer, ID 15548",08:00-23:00
be68e866-743d-4b85-a745-f157073e2bcf,b4d058c9-e0a0-4627-9fec-e598c2822c01,"USCGC Garrett, FPO AP 68764",09:00-23:00
8115ca77-f965-4b0f-91ab-f8c73af080d5,b4d058c9-e0a0-4627-9fec-e598c2822c01,"55415 Dawson Heights Apt. 995, Port Kyle, NV 32004",08:00-21:00
eba81773-6fcf-4542-ac27-e7b3dd583336,b4d058c9-e0a0-4627-9fec-e598c2822c01,"клх Троицко-Печорск, пр. Азовский, д. 10, 362681",09:00-23:00
571fc1bc-51c1-4692-a2c9-0f14f570e31d,b4d058c9-e0a0-4627-9fec-e598c2822c01,"1288 Mcdonald Viaduct Suite 682, Romeroville, OR 66701",09:00-22:00
cc8390c0-5b9c-4916-afa5-4af2be426e50,b4d058c9-e0a0-4627-9fec-e598c2822c01,"клх Онега, алл. 30 лет Победы, д. 9/6, 205701",07:00-23:00
0081b5b4-5f04-4f32-89ac-474fa56e762d,b80ba417-b5af-42b8-80f9-c02573c58c0f,"г. Пышма, пер. 50 лет Победы, д. 9/6 стр. 372, 319435",08:00-22:00
6f346cf8-1298-4ceb-95d7-c58622f62c60,b80ba417-b5af-42b8-80f9-c02573c58c0f,"4936 Alicia Causeway, Jasonside, MN 49821",09:00-23:00
5fd58494-d87a-4914-9fcb-b71ed5610e5a,b80ba417-b5af-42b8-80f9-c02573c58c0f,"ст. Семлячики, пр. Прибрежный, д. 195, 425686",08:00-23:00
d9b14abd-7306-44a8-a4fc-d4021ceff910,b80ba417-b5af-42b8-80f9-c02573c58c0f,"клх Лагань, алл. Заливная, д. 49, 605087",09:00-22:00
6c9c6467-f1a7-4e8b-8c4a-59334fddbb54,b80ba417-b5af-42b8-80f9-c02573c58c0f,"д. Тула, бул. Толстого, д. 528, 946176",09:00-22:00
de18f00d-b246-4573-85a8-154066fdfbbc,b80ba417-b5af-42b8-80f9-c02573c58c0f,"с. Елец, алл. Карла Маркса, д. 2/3 к. 8/3, 470233",08:00-21:00
63e29b8f-69ec-4f10-a046-983d6c287e25,b80ba417-b5af-42b8-80f9-c02573c58c0f,"7790 Hoover Overpass Apt. 520, New Paigetown, MS 11210",08:00-22:00
943a6ce6-3650-469e-a419-daf4706d1f8c,668853ee-b605-4377-bcc1-0228fed30b50,"999 Dennis Garden, East Cody, NC 44539",09:00-22:00
736ab5c6-f14a-442c-b33c-54a511797c87,668853ee-b605-4377-bcc1-0228fed30b50,"PSC 1364, Box 1134, APO AE 82630",07:00-21:00
bf4abdf5-2fe2-4fe7-a054-fbe64c5d0584,668853ee-b605-4377-bcc1-0228fed30b50,"301 Melissa Manors Suite 589, Ellisonville, NV 60950",09:00-22:00
0c0f34fe-18a1-477b-96e3-b504771e1347,35832911-4221-4632-a718-36078b3feb09,"839 Paul Prairie, Lake Debraberg, AR 11665",09:00-23:00
a4c020b1-b512-468a-b0cc-100f8905af71,35832911-4221-4632-a718-36078b3feb09,"80408 Lawrence Points, North Jonathanmouth, VT 76240",07:00-21:00
8bf27e12-68c6-4844-85a2-2aca374b55ab,35832911-4221-4632-a718-36078b3feb09,"130 Patel Cape, Carlachester, MA 27383",07:00-23:00
2b69967d-95f5-45db-a41f-f034ab56f47f,35832911-4221-4632-a718-36078b3feb09,"к. Верхний Баскунчак, наб. Маяковского, д. 31, 082203",09:00-21:00
cfa456c3-9d4b-4b23-8ea1-af53d366e0b0,35832911-4221-4632-a718-36078b3feb09,"п. Чайковский, пр. Степной, д. 7 к. 8/7, 046411",09:00-21:00
3b3314b6-cc34-45c8-a692-d5a17970bdb4,6132d4a2-fb82-477e-9761-2e5a3e877f60,"д. Губкин, бул. Байкальский, д. 5/9 к. 7, 947285",09:00-21:00
cf1b68de-4800-4ace-b03e-8aafc0f0a3e2,6132d4a2-fb82-477e-9761-2e5a3e877f60,"д. Абакан, ш. Розы Люксембург, д. 3 стр. 50, 496528",08:00-21:00
5dd3e32e-181c-4f49-96fa-580cb79ea4a5,6132d4a2-fb82-477e-9761-2e5a3e877f60,"п. Нурлат, бул. Крымский, д. 7 стр. 414, 770653",07:00-21:00
12bca166-bde1-4629-aa5a-d8e915fda17c,6132d4a2-fb82-477e-9761-2e5a3e877f60,"552 Barbara Isle Suite 481, West Shaneside, NE 43563",08:00-21:00
c0d2aab1-0b38-4b81-9b2e-1f5ac105cc97,6132d4a2-fb82-477e-9761-2e5a3e877f60,"г. Кетченеры, пер. Советский, д. 5, 595763",08:00-23:00
cc3495ae-ca32-4cde-b0d0-cbefe40c42e1,6132d4a2-fb82-477e-9761-2e5a3e877f60,"ст. Каспийск, ш. Механическое, д. 939 к. 903, 436016",08:00-22:00
a2e1af25-d925-4a1c-bea3-24732e2d850d,6132d4a2-fb82-477e-9761-2e5a3e877f60,"д. Рыбинск, бул. Циолковского, д. 4, 738542",09:00-22:00
847568b7-666c-48da-ae69-f2ec0f0d3130,d78d36ae-608e-4c14-834c-5c25f57fe7bd,"ст. Мураши, бул. Куйбышева, д. 39, 524259",07:00-22:00
ece50c94-b70d-48f2-9801-5040e1c308b8,d78d36ae-608e-4c14-834c-5c25f57fe7bd,"48468 Gardner Route, Tracyburgh, IA 90056",07:00-23:00
e0f2c921-4c27-4f15-8327-619ef49df22b,d78d36ae-608e-4c14-834c-5c25f57fe7bd,"ст. Кажим, бул. Ударный, д. 5 к. 846, 431754",09:00-22:00
aaad1a2c-a164-4cb7-a3a0-c936a3084e8a,531600d8-0478-4013-a3ac-884dc57ae92c,"38977 Jones Trail Apt. 175, Lake David, TN 72824",08:00-22:00
249f9f93-f90f-40fb-9cd9-d01fc2151249,531600d8-0478-4013-a3ac-884dc57ae92c,"7520 Robinson Row Suite 294, Linton, OH 01920",07:00-21:00
43d9d423-8bc8-4271-859f-2e22dad1e173,531600d8-0478-4013-a3ac-884dc57ae92c,"13379 Robles Haven Suite 285, Keystad, AR 74267",08:00-21:00
72b4f19f-0dc9-4e79-bfab-f6a29ff015db,531600d8-0478-4013-a3ac-884dc57ae92c,"с. Минеральные Воды, бул. Космический, д. 34, 903519",07:00-23:00
7a0e54f8-c240-49ea-8dee-5cf70b3f6e52,3aafc180-9082-42e4-ab05-694ef21c8423,"299 Laura Spurs, West Erichaven, SC 33081",08:00-21:00
504259f2-6fcb-4dd8-8839-8ca6df394a6d,3aafc180-9082-42e4-ab05-694ef21c8423,"п. Благовещенск (Амур.), наб. Большая, д. 1 стр. 86, 978915",07:00-21:00
282fbd56-65e1-43d9-8c6e-43ea6ffe89ba,3aafc180-9082-42e4-ab05-694ef21c8423,"с. Плес, ул. Коммунальная, д. 6, 408899",07:00-23:00
d47f7284-ba66-4152-a228-744491c6f1ef,3aafc180-9082-42e4-ab05-694ef21c8423,"г. Нарткала, ш. Хуторское, д. 91 стр. 9/8, 106017",08:00-21:00
eb45568c-963f-46e0-ae50-25343cd93b73,3aafc180-9082-42e4-ab05-694ef21c8423,"103 Taylor Junction Apt. 306, Hartmanside, NH 46206",09:00-23:00
e9dc135e-6d64-47fc-a6d9-8531e57fac13,3aafc180-9082-42e4-ab05-694ef21c8423,"85350 Miller Ranch, Emilyfort, AS 55649",07:00-23:00
56bd1ae9-1312-426e-b0bf-8a485e8dc57b,4d94b99e-d83b-4b9d-9400-7a61e558a2e0,"к. Оймякон, наб. Курчатова, д. 992 к. 5/4, 974706",07:00-23:00
ab5de278-b3cc-4951-861f-3f781ff86c54,4d94b99e-d83b-4b9d-9400-7a61e558a2e0,"д. Щелково, пр. Станиславского, д. 174, 922308",08:00-22:00
8f9b714c-7317-4b2e-b9ef-a91e1048c1a1,4d94b99e-d83b-4b9d-9400-7a61e558a2e0,"PSC 2958, Box 0273, APO AP 21833",07:00-22:00
5c11187c-e1c6-496e-bc63-7add8dd8bb59,62d996ad-4aed-4a76-91ce-3f5025bb0edc,"д. Можга, алл. Физкультурная, д. 5/4, 151306",09:00-21:00
e93f7773-aba2-4dce-81ae-0297df311ad2,62d996ad-4aed-4a76-91ce-3f5025bb0edc,"9615 Reynolds Inlet, Lake Shawn, VT 22001",08:00-22:00
04e71767-fee3-4b77-b28f-f717c4f2ab72,62d996ad-4aed-4a76-91ce-3f5025bb0edc,"ст. Соловки, пер. К.Маркса, д. 34 стр. 4/1, 529154",09:00-22:00
a5b889ee-7ceb-462f-9ef6-17ec986702db,c18c3158-3106-4e80-be1d-32b4d706ffcd,"ст. Киренск, пр. Горняцкий, д. 200, 642349",09:00-23:00
0345218d-ca69-4e27-a698-8844f36eec51,c18c3158-3106-4e80-be1d-32b4d706ffcd,"ст. Кыштым, ш. Партизанское, д. 632, 770954",08:00-21:00
3facbbf1-f144-47e7-af36-2122a075ed38,c18c3158-3106-4e80-be1d-32b4d706ffcd,"3237 Allen Alley, Acostaburgh, RI 16577",08:00-22:00
adb10b9b-89f3-4f5d-a5c7-270b3997d654,648f6256-16f3-470c-8f61-6b7c9b5717e7,"г. Гагарин, наб. Звездная, д. 78 к. 18, 027486",07:00-22:00
12db76b0-8bd0-41eb-a9de-6d1bfc9381f8,648f6256-16f3-470c-8f61-6b7c9b5717e7,"243 Hutchinson Estate Suite 687, Russellberg, WY 94013",07:00-23:00
6d548436-99b3-4e95-b6ea-2b785b37b55d,648f6256-16f3-470c-8f61-6b7c9b5717e7,"4063 Potter Viaduct, Dustinshire, MP 69799",07:00-22:00
984ccd50-ac51-4190-bbb6-90dfd525677f,648f6256-16f3-470c-8f61-6b7c9b5717e7,"п. Махачкала, наб. Сахалинская, д. 4 стр. 50, 562384",08:00-23:00
91b9092d-dab6-40ce-af9d-c8621c5b818b,648f6256-16f3-470c-8f61-6b7c9b5717e7,"792 Carroll Flats, East Curtishaven, ND 85958",07:00-21:00
7ed7dc9a-9c68-4c9b-98cb-daf6b0c30c4d,648f6256-16f3-470c-8f61-6b7c9b5717e7,"Unit 9292 Box 0021, DPO AA 45234",07:00-23:00
54667f30-0be7-4871-b441-f2c4e22cf48c,648f6256-16f3-470c-8f61-6b7c9b5717e7,"9546 Anderson Lane Suite 089, Fosterport, MH 25948",09:00-21:00
